,address,name,category,kakao_keyword,kakaomap_url,kakao_name,kakao_category,kakao_star,kakao_star_num
0,서울특별시 노원구 공릉동 727 풍림아파트,비비큐(BBQ)공릉스타점,호프/통닭,공릉동 비비큐(BBQ)공릉스타점,https://place.map.kakao.com/680118322,BBQ 공릉스타점,BBQ,5.0,2
1,서울특별시 노원구 공릉동 727 풍림아파트 ,1번지통닭공릉점,호프/통닭,공릉동 1번지통닭공릉점,https://place.map.kakao.com/837327706,1번지통닭 공릉점,치킨,5.0,1
2,서울특별시 노원구 공릉동 727 풍림아파트B상가 114동 110호,본죽&비빔밥 공릉점,한식,공릉동 본죽&비빔밥 공릉점,https://place.map.kakao.com/11049842,본죽&비빔밥cafe 공릉원자력병원점,본죽&비빔밥cafe,5.0,2
3,서울특별시 노원구 공릉동 727번지 풍림상가 114동 102호,쿡앤쿡,분식,공릉동 쿡앤쿡,https://place.map.kakao.com/19607441,쿡앤쿡,분식,3.8,4
4,서울특별시 노원구 공릉동 727번지 풍림아파트 114동 106호,피자꾼,경양식,공릉동 피자꾼,https://place.map.kakao.com/13058367,피자꾼 공릉본점,피자,5.0,2
5,서울특별시 노원구 공릉동 727번지 풍림아파트상가 114동 105-3 ,감탄공릉풍림점,분식,공릉동 감탄공릉풍림점,https://place.map.kakao.com/1384725117,감탄떡볶이 공릉풍림점,감탄떡볶이,5.0,1
6,서울특별시 노원구 공릉동 708 2단지상가 106호,풍년식당,한식,공릉동 풍년식당,https://place.map.kakao.com/16623430,풍년식당,한식,0,0
7,서울특별시 노원구 공릉동 708 공릉(아)2단지상가 102호,처갓집양념통닭,통닭(치킨),공릉동 처갓집양념통닭,https://place.map.kakao.com/26783547,처갓집양념치킨 공릉점,처갓집양념치킨,5.0,6
8,서울특별시 노원구 공릉동 312-24 ,공릉봉평메밀촌,호프/통닭,공릉동 공릉봉평메밀촌,https://place.map.kakao.com/17223169,원조강영숙봉평메밀촌 본점,국수,4.5,22
9,서울특별시 노원구 공릉동 312-8 ,채선당 도시락 & 샐러드 공릉점,기타,공릉동 채선당 도시락 & 샐러드 공릉점,https://place.map.kakao.com/1722832769,채선당도시락&샐러드 공릉점,도시락,5.0,4
10,서울특별시 노원구 공릉동 312-9 동일주택 1층 ,공릉 모소리,한식,공릉동 공릉 모소리,https://place.map.kakao.com/1578206237,공릉모소리,한식,5.0,5
11,서울특별시 노원구 공릉동 323-2 공삼빌딩,프랭크버거 공릉점,기타,공릉동 프랭크버거 공릉점,https://place.map.kakao.com/2096674278,프랭크버거 공릉점,프랭크버거,5.0,1
12,서울특별시 노원구 공릉동 323-2번지 공삼빌딩 ,여물소,식육(숯불구이),공릉동 여물소,https://place.map.kakao.com/10250915,여물소,"육류,고기",3.7,6
13,서울특별시 노원구 공릉동 380-54번지 ,영자네곱창(공릉역점),한식,공릉동 영자네곱창(공릉역점),https://place.map.kakao.com/2038437403,영자네곱창 공릉역점,"곱창,막창",5.0,1
14,서울특별시 노원구 공릉동 380-5,장수해물칼국수,한식,공릉동 장수해물칼국수,https://place.map.kakao.com/13594099,장수해물칼국수,국수,3.8,8
15,서울특별시 노원구 공릉동 323-20,서울뚱보네기사식당,한식,공릉동 서울뚱보네기사식당,https://place.map.kakao.com/11136536,뚱보네기사식당,기사식당,0,0
16,서울특별시 노원구 공릉동 404-1번지 1층 ,산골집,한식,공릉동 산골집,https://place.map.kakao.com/16302446,산골집,두부전문점,4.4,7
17,서울특별시 노원구 공릉동 323-21번지 ,개미식당,한식,공릉동 개미식당,https://place.map.kakao.com/10131319,개미식당,한식,0,0
18,서울특별시 노원구 공릉동 323-21번지 ,원조멸치국수,일반조리판매,공릉동 원조멸치국수,https://place.map.kakao.com/16704247,원조멸치국수,국수,5.0,8
19,서울특별시 노원구 공릉동 404-8 1층,아늑한주방,한식,공릉동 아늑한주방,https://place.map.kakao.com/1549343775,아늑한주방 공릉점,일식,3.5,11
20,서울특별시 노원구 공릉동 379-1,남대문황금족발,한식,공릉동 남대문황금족발,https://place.map.kakao.com/16558134,남대문황금족발 공릉점,"족발,보쌈",4.0,1
21,서울특별시 노원구 공릉동 379-1,꿀삼겹,식육(숯불구이),공릉동 꿀삼겹,https://place.map.kakao.com/2085893063,꿀삼겹,삼겹살,5.0,2
22,서울특별시 노원구 공릉동 380-42번지 지상1층 ,동창야채닭갈비,한식,공릉동 동창야채닭갈비,https://place.map.kakao.com/27473728,동창야채닭갈비 공릉점,닭요리,4.0,3
23,서울특별시 노원구 공릉동 379-3번지 ,헬로베트남쌀국수,한식,공릉동 헬로베트남쌀국수,https://place.map.kakao.com/856906071,헬로베트남쌀국수 공릉점,베트남음식,4.0,2
24,서울특별시 노원구 공릉동 382-10 ,김밥천국,한식,공릉동 김밥천국,https://place.map.kakao.com/16527403,김밥천국 공릉점,분식,4.1,10
25,서울특별시 노원구 공릉동 382-11 ,백채김치찌개 공릉역점,한식,공릉동 백채김치찌개 공릉역점,https://place.map.kakao.com/628214370,백채김치찌개 공릉역점,"찌개,전골",5.0,6
26,서울특별시 노원구 공릉동 382-22번지 1층 ,스마일닭발,한식,공릉동 스마일닭발,https://place.map.kakao.com/1798189722,스마일닭발,닭요리,5.0,3
27,서울특별시 노원구 공릉동 379-4번지 금광빌딩 1층 ,땡초집,한식,공릉동 땡초집,https://place.map.kakao.com/27473603,땡초집,한식,4.0,4
28,서울특별시 노원구 공릉동 379-25번지 ,권서방네순대국,한식,공릉동 권서방네순대국,https://place.map.kakao.com/12697915,권서방네 순대국왕순대 공릉점,순대,5.0,1
29,서울특별시 노원구 공릉동 379-25번지 1층 ,생선까시,한식,공릉동 생선까시,https://place.map.kakao.com/1674504332,생선까시,한식,2.8,19
30,서울특별시 노원구 공릉동 404-2번지 ,뜨락,호프/통닭,공릉동 뜨락,https://place.map.kakao.com/1148391455,뜨락,한식,0,0
31,서울특별시 노원구 공릉동 323-8 ,제육대가(공릉점),한식,공릉동 제육대가(공릉점),https://place.map.kakao.com/640110863,제육대가 공릉점,"육류,고기",0,0
32,서울특별시 노원구 공릉동 323-8번지 ,원조명동찌개마을,한식,공릉동 원조명동찌개마을,https://place.map.kakao.com/1424200889,원조명동찌개마을 공릉동직영점,"찌개,전골",1.0,1
33,서울특별시 노원구 공릉동 379-34번지 101호,에이엔,일식,공릉동 에이엔,https://place.map.kakao.com/1105006417,에이엔,"초밥,롤",4.6,5
34,서울특별시 노원구 공릉동 383-2번지 ,일등숯불갈비,식육(숯불구이),공릉동 일등숯불갈비,https://place.map.kakao.com/345227058,일등숯불갈비,한식,3.5,4
35,서울특별시 노원구 공릉동 383-12 건양오피스텔 104호,휴돈정,한식,공릉동 휴돈정,https://place.map.kakao.com/1682786058,휴돈정,"돈까스,우동",3.8,24
36,서울특별시 노원구 공릉동 404-5번지 1층 ,구라네쪽갈비,한식,공릉동 구라네쪽갈비,https://place.map.kakao.com/25540244,구라네쪽갈비,갈비,5.0,3
37,서울특별시 노원구 공릉동 323-11,김밥윤결,호프/통닭,공릉동 김밥윤결,https://place.map.kakao.com/1791415002,김밥윤결,분식,2.6,5
38,서울특별시 노원구 공릉동 404-7번지 ,하회정,한식,공릉동 하회정,https://place.map.kakao.com/15832983,하회정,국수,5.0,5
39,서울특별시 노원구 공릉동 362-1,화락바베큐 노원 공릉점,호프/통닭,공릉동 화락바베큐 노원 공릉점,https://place.map.kakao.com/278542248,화락바베큐치킨 노원공릉점,치킨,0,0
40,서울특별시 노원구 공릉동 362-1번지 ,형제해장국,한식,공릉동 형제해장국,https://place.map.kakao.com/20741019,형제해장국,해장국,4.0,2
41,서울특별시 노원구 공릉동 362-1번지 ,피자알볼로 공릉하계점,통닭(치킨),공릉동 피자알볼로 공릉하계점,https://place.map.kakao.com/21876088,피자알볼로 공릉하계점,피자알볼로,1.0,1
42,서울특별시 노원구 공릉동 362-1번지 태평당약국 ,명륜진사갈비 공릉점,한식,공릉동 명륜진사갈비 공릉점,https://place.map.kakao.com/2015181783,명륜진사갈비 서울공릉점,명륜진사갈비,2.4,15
43,서울특별시 노원구 공릉동 323-10번지 ,대마에스시,일식,공릉동 대마에스시,https://place.map.kakao.com/288510513,대마에스시,"초밥,롤",3.2,5
44,서울특별시 노원구 공릉동 492-8번지 ,이박사왕돈까스,경양식,공릉동 이박사왕돈까스,https://place.map.kakao.com/16498930,이박사왕돈까스,"돈까스,우동",3.3,10
45,서울특별시 노원구 공릉동 400-32번지 ,고향집,한식,공릉동 고향집,https://place.map.kakao.com/854757776,고향집,한식,0,0
46,서울특별시 노원구 공릉동 492-9,곰배령 식당,한식,공릉동 곰배령 식당,https://place.map.kakao.com/676787831,곰배령전,한식,4.0,1
47,서울특별시 노원구 공릉동 492-9번지 ,울산아구찜,한식,공릉동 울산아구찜,https://place.map.kakao.com/19949847,울산아구찜,아구,0,0
48,서울특별시 노원구 공릉동 571-30번지 ,춘보식당,한식,공릉동 춘보식당,https://place.map.kakao.com/16055808,춘보만두,한식,2.9,29
49,서울특별시 노원구 공릉동 492-3 서진프라자아파트,고기반햄반 김치찌개 공릉점,한식,공릉동 고기반햄반 김치찌개 공릉점,https://place.map.kakao.com/248534070,고기반햄반김치찌개 김치찜 공릉점,"찌개,전골",0,0
50,서울특별시 노원구 공릉동 492-3번지 서진프라자아파트 ,매우당,한식,공릉동 매우당,https://place.map.kakao.com/2119726796,매우당,갈비,2.0,1
51,서울특별시 노원구 공릉동 400-4 외 1필지 ,신종로빈대떡,한식,공릉동 신종로빈대떡,https://place.map.kakao.com/16767623,신종로빈대떡,한식,5.0,1
52,서울특별시 노원구 공릉동 400-4 화랑공인중개사,그릭앤샌드 욤욤,기타,공릉동 그릭앤샌드 욤욤,https://place.map.kakao.com/1811206210,그릭앤샌드 욤욤,샌드위치,5.0,3
53,서울특별시 노원구 공릉동 400-4 화랑공인중개사 ,네네치킨 공릉역점,호프/통닭,공릉동 네네치킨 공릉역점,https://place.map.kakao.com/997281152,네네치킨 공릉역점,네네치킨,3.7,3
54,서울특별시 노원구 공릉동 400-4번지 화랑공인중개사 ,이박사복아구찜전문,일식,공릉동 이박사복아구찜전문,https://place.map.kakao.com/709008839,이박사복아구찜전문,한식,0,0
55,서울특별시 노원구 공릉동 400-8 신한양아파트 ,BBQ 공릉역점,한식,공릉동 BBQ 공릉역점,https://place.map.kakao.com/550910445,BBQ 공릉역점,BBQ,5.0,10
56,서울특별시 노원구 공릉동 400-8 신한양아파트 ,바로파스타&바로덮밥 공릉점,한식,공릉동 바로파스타&바로덮밥 공릉점,https://place.map.kakao.com/1340815102,바로파스타&바로덮밥 공릉점,음식점,0,0
57,서울특별시 노원구 공릉동 379-9 신대림아파트,참치여라,일식,공릉동 참치여라,https://place.map.kakao.com/614570625,참치여라,참치회,5.0,2
58,서울특별시 노원구 공릉동 571-9 ,번창,분식,공릉동 번창,https://place.map.kakao.com/1512318238,번창,국수,0,0
59,서울특별시 노원구 공릉동 571-9 1층,동수네,기타,공릉동 동수네,https://place.map.kakao.com/1915457679,동수네김밥,분식,5.0,1
60,서울특별시 노원구 공릉동 400-27번지 ,세광식당,한식,공릉동 세광식당,https://place.map.kakao.com/16527131,세광식당,"육류,고기",2.7,3
61,서울특별시 노원구 공릉동 379-20 샘병원빌딩 지하11층 ,버거킹공릉역점,패스트푸드,공릉동 버거킹공릉역점,https://place.map.kakao.com/630873835,버거킹 공릉역점,버거킹,2.8,22
62,서울특별시 노원구 공릉동 400-3 곱창집 ,호식이 두마리 치킨,통닭(치킨),공릉동 호식이 두마리 치킨,https://place.map.kakao.com/1539618262,호식이두마리치킨 공릉점,호식이두마리치킨,0,0
63,서울특별시 노원구 공릉동 571-11번지 ,전주백반,한식,공릉동 전주백반,https://place.map.kakao.com/16329348,전주백반,한식,4.0,4
64,서울특별시 노원구 공릉동 571-12번지 ,행복한 아구해물동태 찜탕,한식,공릉동 행복한 아구해물동태 찜탕,https://place.map.kakao.com/575568874,행복한아구해물동태찜탕,아구,0,0
65,서울특별시 노원구 공릉동 493-3번지 ,시골흑염소,한식,공릉동 시골흑염소,https://place.map.kakao.com/11941936,시골보신탕삼계탕,"사철탕,영양탕",4.8,4
66,서울특별시 노원구 공릉동 400-1 102호,공릉동숯불고기백반,한식,공릉동 공릉동숯불고기백반,https://place.map.kakao.com/1919372171,공릉동숯불고기백반 공릉본점,"육류,고기",0,0
67,서울특별시 노원구 공릉동 400-1번지 ,삼삼집,한식,공릉동 삼삼집,https://place.map.kakao.com/16590861,삼삼집,"육류,고기",0,0
68,서울특별시 노원구 공릉동 400-1번지 ,마린월드,일식,공릉동 마린월드,https://place.map.kakao.com/21447475,마린월드,회,4.8,4
69,서울특별시 노원구 공릉동 604-1번지 ,엄나무닭곰탕,한식,공릉동 엄나무닭곰탕,https://place.map.kakao.com/16736493,엄나무닭곰탕,곰탕,5.0,1
70,서울특별시 노원구 공릉동 383-14번지 1층 전체 ,추운돼지,한식,공릉동 추운돼지,https://place.map.kakao.com/1422508761,추운돼지,삼겹살,4.3,4
71,서울특별시 노원구 공릉동 400-14,피자나라 치킨공주 공릉점,통닭(치킨),공릉동 피자나라 치킨공주 공릉점,https://place.map.kakao.com/26349555,피자나라치킨공주 서울공릉점,피자나라치킨공주,3.8,4
72,서울특별시 노원구 공릉동 362-7 은진교회 2층 ,82wa 김치솥뚜껑 삼겹살,식육(숯불구이),공릉동 82wa 김치솥뚜껑 삼겹살,https://place.map.kakao.com/1709604684,82wa솥뚜껑김치삼겹살&특수부위,"육류,고기",4.7,3
73,서울특별시 노원구 공릉동 362-7번지 은진교회 ,예촌손수제비,한식,공릉동 예촌손수제비,https://place.map.kakao.com/1142080205,예촌손수제비,수제비,4.6,8
74,서울특별시 노원구 공릉동 383-18,향토곱창,한식,공릉동 향토곱창,https://place.map.kakao.com/16819810,향토곱창,"곱창,막창",2.5,8
75,서울특별시 노원구 공릉동 375-1번지 ,1988옛날통닭,호프/통닭,공릉동 1988옛날통닭,https://place.map.kakao.com/1447648375,1988옛날통닭,치킨,0,0
76,서울특별시 노원구 공릉동 493-12,청정꼬막,한식,공릉동 청정꼬막,https://place.map.kakao.com/1154140033,청정꼬막,"해물,생선",3.5,2
77,서울특별시 노원구 공릉동 493-12 1층,청담족발,한식,공릉동 청담족발,https://place.map.kakao.com/20036136,청담족발,"족발,보쌈",5.0,2
78,서울특별시 노원구 공릉동 571-16,소문난멸치국수,한식,공릉동 소문난멸치국수,https://place.map.kakao.com/13305804,소문난멸치국수,국수,3.3,57
79,서울특별시 노원구 공릉동 383-17번지 ,압구정찌개마을,한식,공릉동 압구정찌개마을,https://place.map.kakao.com/20748457,압구정찌개마을 공릉본점,"찌개,전골",4.0,8
80,서울특별시 노원구 공릉동 398-1번지 ,오케이 삼겹살,한식,공릉동 오케이 삼겹살,https://place.map.kakao.com/27515501,오케이삼겹살,"육류,고기",5.0,6
81,서울특별시 노원구 공릉동 573-4,제일식당,한식,공릉동 제일식당,https://place.map.kakao.com/16051613,제일식당,"찌개,전골",5.0,3
82,서울특별시 노원구 공릉동 573-5,장수멸치국수,한식,공릉동 장수멸치국수,https://place.map.kakao.com/16080945,장수멸치국수,국수,3.0,3
83,서울특별시 노원구 공릉동 573-20번지 1층 ,굽네치킨,통닭(치킨),공릉동 굽네치킨,https://place.map.kakao.com/8220672,"굽네치킨 공릉1,3동점",굽네치킨,1.8,5
84,서울특별시 노원구 공릉동 573-22번지 유정음식점 1층 ,유정집,한식,공릉동 유정집,https://place.map.kakao.com/16875802,유정집 공릉점,"육류,고기",2.7,3
85,서울특별시 노원구 공릉동 738 우성아파트 상가동 101호102호,땡큐불백,한식,공릉동 땡큐불백,https://place.map.kakao.com/1565905734,땡큐불백,갈비,5.0,6
86,서울특별시 노원구 공릉동 738 우성아파트 제상가동 1층 103호,잭아저씨족발보쌈,한식,공릉동 잭아저씨족발보쌈,https://place.map.kakao.com/456478515,잭아저씨 족발&보쌈 공릉점,"족발,보쌈",5.0,2
87,서울특별시 노원구 공릉동 398-5 ,온고을&이지쿡,한식,공릉동 온고을&이지쿡,https://place.map.kakao.com/16472635,온고을 본점,닭요리,3.2,9
88,서울특별시 노원구 공릉동 398-5번지 ,서서방고깃집,한식,공릉동 서서방고깃집,https://place.map.kakao.com/27379161,서서방고깃집,"육류,고기",5.0,2
89,서울특별시 노원구 공릉동 398-13,맛있는집,호프/통닭,공릉동 맛있는집,https://place.map.kakao.com/16739543,맛있는집,"육류,고기",0,0
90,서울특별시 노원구 공릉동 398-13번지 ,연옥이네,한식,공릉동 연옥이네,https://place.map.kakao.com/550710801,연옥이네,한식,0,0
91,서울특별시 노원구 공릉동 493-16 ,올스타피자,기타,공릉동 올스타피자,https://place.map.kakao.com/1919924028,올스타 공릉하계점,피자,0,0
92,서울특별시 노원구 공릉동 575-4번지 1층 ,맘'스 밥스,한식,공릉동 맘'스 밥스,https://place.map.kakao.com/27564483,맘'스밥스,한정식,4.7,6
93,서울특별시 노원구 공릉동 398-27 ,동강,한식,공릉동 동강,https://place.map.kakao.com/16819591,동강민물장어구이,장어,5.0,2
94,서울특별시 노원구 공릉동 398-27 ,전주종가콩나물국밥,한식,공릉동 전주종가콩나물국밥,https://place.map.kakao.com/669239906,전주종가콩나물국밥 콩심 공릉역점,국밥,3.0,2
95,서울특별시 노원구 공릉동 398-27 ,춘천 중앙로 숯불닭갈비,식육(숯불구이),공릉동 춘천 중앙로 숯불닭갈비,https://place.map.kakao.com/1637489211,춘천중앙로숯불닭갈비,닭요리,4.7,6
96,서울특별시 노원구 공릉동 398-27번지 ,도토베르구이치킨,통닭(치킨),공릉동 도토베르구이치킨,https://place.map.kakao.com/13495280,도토베르구이치킨 공릉점,치킨,5.0,1
97,서울특별시 노원구 공릉동 604-26번지 1층 ,공릉동멸치국수,기타 휴게음식점,공릉동 공릉동멸치국수,https://place.map.kakao.com/21413715,공릉동멸치국수,국수,3.5,12
98,서울특별시 노원구 공릉동 386-1 대경상운 ,백남옥손만두,일반조리판매,공릉동 백남옥손만두,https://place.map.kakao.com/2105282697,백남옥손만두,분식,5.0,2
99,서울특별시 노원구 공릉동 398-25번지 1층 ,꽃중년 푸줏간,한식,공릉동 꽃중년 푸줏간,https://place.map.kakao.com/25085271,꽃중년푸줏간,"육류,고기",2.7,7
100,서울특별시 노원구 공릉동 604-28번지 선석빌딩 101호,우아한식사,한식,공릉동 우아한식사,https://place.map.kakao.com/276402644,우아한식사,한식,0,0
101,서울특별시 노원구 공릉동 604-35 플러스빌 ,부자밥상,한식,공릉동 부자밥상,https://place.map.kakao.com/1851363524,부자밥상,한식,2.3,4
102,서울특별시 노원구 공릉동 386-5번지 ,뽕신,분식,공릉동 뽕신,https://place.map.kakao.com/17247659,뽕신 공릉동점,중국요리,4.3,13
103,서울특별시 노원구 공릉동 386-5번지 1층 ,던킨도너츠,과자점,공릉동 던킨도너츠,https://place.map.kakao.com/21035933,던킨 화랑대역점,던킨,4.8,20
104,서울특별시 노원구 공릉동 598-1,대박멸치국수,한식,공릉동 대박멸치국수,https://place.map.kakao.com/1461149521,대박멸치국수,국수,2.3,3
105,서울특별시 노원구 공릉동 598-1번지 ,구름에 달가듯이,한식,공릉동 구름에 달가듯이,https://place.map.kakao.com/662976385,구름에달가듯이,"육류,고기",0,0
106,서울특별시 노원구 공릉동 569-24 화성빌딩 ,방울이,분식,공릉동 방울이,https://place.map.kakao.com/47236112,방울이,분식,0,0
107,서울특별시 노원구 공릉동 569-24 화성빌딩 ,청초한 방울,기타,공릉동 청초한 방울,https://place.map.kakao.com/1844394059,청초한방울,식품판매,0,0
108,서울특별시 노원구 공릉동 386-6번지 ,길동우동 공릉점,한식,공릉동 길동우동 공릉점,https://place.map.kakao.com/959006328,길동우동 공릉점,"돈까스,우동",3.2,10
109,서울특별시 노원구 공릉동 386-6번지 ,수돈재,한식,공릉동 수돈재,https://place.map.kakao.com/1472202260,수돈재 공릉점,"육류,고기",4.0,12
110,서울특별시 노원구 공릉동 386-6번지 2층 ,오늘손칼국수앤찜,한식,공릉동 오늘손칼국수앤찜,https://place.map.kakao.com/26418668,오늘손칼국수앤찜 공릉점,"해물,생선",3.5,11
111,서울특별시 노원구 공릉동 386-6번지 2층 ,7일간의양심,한식,공릉동 7일간의양심,https://place.map.kakao.com/118701285,7일간의양심,"스테이크,립",4.1,15
112,서울특별시 노원구 공릉동 494-11 1층,24시멸치국수,분식,공릉동 24시멸치국수,https://place.map.kakao.com/16793977,24시멸치국수,국수,4.5,6
113,서울특별시 노원구 공릉동 494-11번지 1층 ,한촌설렁탕 공릉역점,한식,공릉동 한촌설렁탕 공릉역점,https://place.map.kakao.com/23670872,한촌설렁탕 공릉역점,한촌설렁탕,2.2,11
114,서울특별시 노원구 공릉동 494-11번지 301호 일부 (계단우측) ,O2(오투),한식,공릉동 O2(오투),https://place.map.kakao.com/515023972,오투(O2),음식점,0,0
115,서울특별시 노원구 공릉동 609-49번지 ,심원중화요리,중국식,공릉동 심원중화요리,https://place.map.kakao.com/1154591892,심원,중국요리,4.7,6
116,서울특별시 노원구 공릉동 395-1 1층 ,청학골,한식,공릉동 청학골,https://place.map.kakao.com/8580028,청학골,갈비,1.9,24
117,서울특별시 노원구 공릉동 684-20번지 ,남원추어탕,호프/통닭,공릉동 남원추어탕,https://place.map.kakao.com/16847626,남원추어탕,추어,0,0
118,서울특별시 노원구 공릉동 366-1번지 1층 ,굴다리전주콩나물국밥,한식,공릉동 굴다리전주콩나물국밥,https://place.map.kakao.com/17209056,굴다리 전주콩나물국밥,국밥,4.1,12
119,서울특별시 노원구 공릉동 609-15번지 ,국수잔치,한식,공릉동 국수잔치,https://place.map.kakao.com/679305297,국수잔치,국수,4.5,2
120,서울특별시 노원구 공릉동 568-27 1층 은성빌딩,517 낙지&아구,한식,공릉동 517 낙지&아구,https://place.map.kakao.com/1719397749,517낙지&아구,"해물,생선",5.0,2
121,서울특별시 노원구 공릉동 568-27 은성빌딩 ,교촌치킨 공릉3호점,호프/통닭,공릉동 교촌치킨 공릉3호점,https://place.map.kakao.com/133919416,교촌치킨 공릉3호점,교촌치킨,4.0,5
122,서울특별시 노원구 공릉동 499-1번지 ,공릉곱창,한식,공릉동 공릉곱창,https://place.map.kakao.com/16056887,원조공릉곱창,"곱창,막창",3.1,10
123,서울특별시 노원구 공릉동 499-1번지 ,새우꺾기,한식,공릉동 새우꺾기,https://place.map.kakao.com/14604459,새우꺾기,"해물,생선",3.3,4
124,서울특별시 노원구 공릉동 684-34번지 1층층 ,공릉옥,한식,공릉동 공릉옥,https://place.map.kakao.com/16648955,공릉옥,한식,4.8,5
125,서울특별시 노원구 공릉동 576-1번지 ,여우떡볶이,분식,공릉동 여우떡볶이,https://place.map.kakao.com/21355812,여우떡볶이,떡볶이,0,0
126,서울특별시 노원구 공릉동 609-17번지 ,광성반점,분식,공릉동 광성반점,https://place.map.kakao.com/15377755,광성반점,중국요리,3.4,10
127,서울특별시 노원구 공릉동 568-19 1층,92생등심,한식,공릉동 92생등심,https://place.map.kakao.com/557103941,92생등심 공릉점,"육류,고기",5.0,2
128,서울특별시 노원구 공릉동 499-3번지 1층 ,뚜비뚜밥스,패스트푸드,공릉동 뚜비뚜밥스,https://place.map.kakao.com/27367117,뚜비뚜밥스,도시락,5.0,3
129,서울특별시 노원구 공릉동 499-41번지 ,공릉곱창공릉점,한식,공릉동 공릉곱창공릉점,https://place.map.kakao.com/2140415713,국민소곱창 공릉점,"곱창,막창",4.2,6
130,서울특별시 노원구 공릉동 576-2번지 ,현빈푸드,한식,공릉동 현빈푸드,https://place.map.kakao.com/2000527911,현빈푸드,한식,0,0
131,서울특별시 노원구 공릉동 366-2번지 1층 ,더맛나곱창,한식,공릉동 더맛나곱창,https://place.map.kakao.com/26948094,더맛나곱창,"곱창,막창",4.6,12
132,서울특별시 노원구 공릉동 386-8 1층 ,북촌 삼대 갈비,횟집,공릉동 북촌 삼대 갈비,https://place.map.kakao.com/1815857305,북촌삼대갈비 공릉점,갈비,5.0,1
133,서울특별시 노원구 공릉동 499-56번지 ,멕시카나 공릉점,호프/통닭,공릉동 멕시카나 공릉점,https://place.map.kakao.com/1025541485,멕시카나치킨 공릉점,멕시카나치킨,3.7,6
134,서울특별시 노원구 공릉동 684-43번지 ,바뱅이,분식,공릉동 바뱅이,https://place.map.kakao.com/16442656,바뱅이 공릉점,치킨,5.0,1
135,서울특별시 노원구 공릉동 395-11번지 ,불타는생고기,한식,공릉동 불타는생고기,https://place.map.kakao.com/16790399,불타는생고기 공릉점,"육류,고기",4.5,6
136,서울특별시 노원구 공릉동 386-3번지 GS 25 ,칠백집서울껍데기 공릉점,한식,공릉동 칠백집서울껍데기 공릉점,https://place.map.kakao.com/2141756818,칠백집서울껍데기 공릉점,"육류,고기",3.2,11
137,서울특별시 노원구 공릉동 576-17 1층,코리엔탈 깻잎 두마리치킨 공릉점,기타,공릉동 코리엔탈 깻잎 두마리치킨 공릉점,https://place.map.kakao.com/2117596942,코리엔탈깻잎두마리치킨 공릉점,치킨,0,0
138,서울특별시 노원구 공릉동 499-54번지 ,할매순대국,한식,공릉동 할매순대국,https://place.map.kakao.com/11624735,할매순대국,국밥,4.4,7
139,서울특별시 노원구 공릉동 513-1 ,청년피자 하계공릉점,기타,공릉동 청년피자 하계공릉점,https://place.map.kakao.com/288270054,청년피자 하계공릉점,청년피자,0,0
140,서울특별시 노원구 공릉동 513-1번지 ,히딩크의 추억,한식,공릉동 히딩크의 추억,https://place.map.kakao.com/1764230447,히딩크의추억,한식,4.9,13
141,서울특별시 노원구 공릉동 610-19,용경이네,한식,공릉동 용경이네,https://place.map.kakao.com/1979302139,용경이네식당,한식,0,0
142,서울특별시 노원구 공릉동 598-23,한끼의 품격,일식,공릉동 한끼의 품격,https://place.map.kakao.com/1194383606,한끼의품격,음식점,0,0
143,서울특별시 노원구 공릉동 598-23,우애돈카츠,기타,공릉동 우애돈카츠,https://place.map.kakao.com/911907418,우애돈카츠 2호점,"돈까스,우동",4.3,8
144,서울특별시 노원구 공릉동 683-1,고성전통잔치국수,분식,공릉동 고성전통잔치국수,https://place.map.kakao.com/20740507,고성전통잔치국수,국수,4.0,1
145,서울특별시 노원구 공릉동 576-19번지 하이서울빌딩 ,등이,기타,공릉동 등이,https://place.map.kakao.com/16081476,등이,한식,0,0
146,서울특별시 노원구 공릉동 395-13 정일빌딩,일상식당,한식,공릉동 일상식당,https://place.map.kakao.com/1675570285,일상식당,한식,0,0
147,서울특별시 노원구 공릉동 395-13 정일빌딩 ,헬로우키친,기타,공릉동 헬로우키친,https://place.map.kakao.com/115360806,헬로우키친,음식점,0,0
148,서울특별시 노원구 공릉동 576-18번지 1층 ,칠형제우리감자탕,한식,공릉동 칠형제우리감자탕,https://place.map.kakao.com/12370792,칠형제우리감자탕,감자탕,3.8,10
149,서울특별시 노원구 공릉동 395-3 막국수,진생갈비 김치찌개,한식,공릉동 진생갈비 김치찌개,https://place.map.kakao.com/1250003996,진생갈비 김치찌개,"찌개,전골",0,0
150,서울특별시 노원구 공릉동 683-12,일번지국수,한식,공릉동 일번지국수,https://place.map.kakao.com/22874182,일번지 국수,국수,1.0,1
151,서울특별시 노원구 공릉동 683-12,화덕생선구이,한식,공릉동 화덕생선구이,https://place.map.kakao.com/1657286099,화덕생선구이,"해물,생선",0,0
152,서울특별시 노원구 공릉동 517-30,늘새찬,분식,공릉동 늘새찬,https://place.map.kakao.com/1226156123,늘새찬,음식점,0,0
153,서울특별시 노원구 공릉동 395-4 에덴빌,롬브 노원,경양식,공릉동 롬브 노원,https://place.map.kakao.com/631189533,롬브 노원,도넛,0,0
154,서울특별시 노원구 공릉동 683-25 ,씬머이,외국음식전문점(인도태국등),공릉동 씬머이,https://place.map.kakao.com/1714903264,씬머이,베트남음식,4.5,11
155,서울특별시 노원구 공릉동 683-14 ,샐러디 태릉입구역점,기타 휴게음식점,공릉동 샐러디 태릉입구역점,https://place.map.kakao.com/295607504,샐러디 태릉입구역점,샐러디,4.3,9
156,서울특별시 노원구 공릉동 388-3번지 1층 ,롯데리아,패스트푸드,공릉동 롯데리아,https://place.map.kakao.com/12719942,롯데리아 공릉역점,롯데리아,2.0,14
157,서울특별시 노원구 공릉동 395-16 ,왔따쪽갈비 공릉점,한식,공릉동 왔따쪽갈비 공릉점,https://place.map.kakao.com/1170639399,왔따쪽갈비 공릉점,음식점,0,0
158,서울특별시 노원구 공릉동 517-28,엄마손식당,한식,공릉동 엄마손식당,https://place.map.kakao.com/16706961,엄마손식당,한식,0,0
159,서울특별시 노원구 공릉동 517-28 ,공릉동 떡볶이,패스트푸드,공릉동 공릉동 떡볶이,https://place.map.kakao.com/1124606974,공릉동떡볶이&롤초밥,떡볶이,0,0
160,서울특별시 노원구 공릉동 567-5,한방오리,한식,공릉동 한방오리,https://place.map.kakao.com/16085792,강원한방오리옻닭,오리,0,0
161,서울특별시 노원구 공릉동 567-5 ,부여국밥,한식,공릉동 부여국밥,https://place.map.kakao.com/365644539,부여국밥,순대,0,0
162,서울특별시 노원구 공릉동 567-5번지 1층 ,태백숯불갈비,식육(숯불구이),공릉동 태백숯불갈비,https://place.map.kakao.com/21361521,태백숯불갈비,갈비,0,0
163,서울특별시 노원구 공릉동 393-1 ,한근 숯불닭갈비,한식,공릉동 한근 숯불닭갈비,https://place.map.kakao.com/1471021785,한근숯불닭갈비,닭요리,3.9,11
164,서울특별시 노원구 공릉동 393-1 ,서오릉피자 공릉점,외국음식전문점(인도태국등),공릉동 서오릉피자 공릉점,https://place.map.kakao.com/1591277646,서오릉피자 공릉점,피자,5.0,2
165,서울특별시 노원구 공릉동 597-17번지 지하1층 ,경회루,한식,공릉동 경회루,https://place.map.kakao.com/18722630,경회루,한정식,0,0
166,서울특별시 노원구 공릉동 577-1 ,돈까스 짱,통닭(치킨),공릉동 돈까스 짱,https://place.map.kakao.com/2108389260,돈까스짱,음식점,0,0
167,서울특별시 노원구 공릉동 577-1 한의학명가,불사조,분식,공릉동 불사조,https://place.map.kakao.com/189660872,불사조,"육류,고기",2.5,2
168,서울특별시 노원구 공릉동 517-23번지 ,밥묵쟈,중국식,공릉동 밥묵쟈,https://place.map.kakao.com/227095433,밥묵쟈,한식,0,0
169,서울특별시 노원구 공릉동 577-7 박현숙 소아청소년과,백소정 공릉점,일식,공릉동 백소정 공릉점,https://place.map.kakao.com/1514689637,백소정 공릉점,"돈까스,우동",3.2,32
170,서울특별시 노원구 공릉동 567-6번지 ,샘터분식,분식,공릉동 샘터분식,https://place.map.kakao.com/16879177,샘터분식,분식,0,0
171,서울특별시 노원구 공릉동 615-22번지 ,석천숯불구이,분식,공릉동 석천숯불구이,https://place.map.kakao.com/20748983,석천숯불갈비,갈비,3.9,12
172,서울특별시 노원구 공릉동 431-4번지 ,핏짜굽는언니,경양식,공릉동 핏짜굽는언니,https://place.map.kakao.com/21525800,핏짜굽는언니 공릉점,피자,3.0,46
173,서울특별시 노원구 공릉동 577-10 공릉본점닭한마리 ,공릉 고기요,한식,공릉동 공릉 고기요,https://place.map.kakao.com/1524555814,뭉탱이공릉숯불생고기,"육류,고기",4.4,7
174,서울특별시 노원구 공릉동 577-10번지 ,싹쓰리(솥뚜껑삼겹살),한식,공릉동 싹쓰리(솥뚜껑삼겹살),https://place.map.kakao.com/20747169,싹쓰리솥뚜껑김치삼겹살,삼겹살,3.2,13
175,서울특별시 노원구 공릉동 577-10번지 2층 ,공릉싹쓰리,한식,공릉동 공릉싹쓰리,https://place.map.kakao.com/20747169,싹쓰리솥뚜껑김치삼겹살,삼겹살,3.2,13
176,서울특별시 노원구 공릉동 577-10번지 공릉본점닭한마리 1층 ,공릉닭한마리,한식,공릉동 공릉닭한마리,https://place.map.kakao.com/15823847,동대문 닭한마리칼국수,국수,0,0
177,서울특별시 노원구 공릉동 577-19,매일식당,한식,공릉동 매일식당,https://place.map.kakao.com/16529713,매일식당,오리,0,0
178,서울특별시 노원구 공릉동 577-19 ,정담,한식,공릉동 정담,https://place.map.kakao.com/614881124,정담,한식,0,0
179,서울특별시 노원구 공릉동 388-4,족발야시장공릉점,한식,공릉동 족발야시장공릉점,https://place.map.kakao.com/1139111968,족발야시장 공릉점,족발야시장,1.5,2
180,서울특별시 노원구 공릉동 388-4번지 ,더줌,한식,공릉동 더줌,https://place.map.kakao.com/1165242514,더줌,"육류,고기",5.0,1
181,서울특별시 노원구 공릉동 577-17번지 ,푸른바다 찜탕,분식,공릉동 푸른바다 찜탕,https://place.map.kakao.com/1735992248,푸른 바다 찜탕,한식,0,0
182,서울특별시 노원구 공릉동 393-5,소문난기사식당,한식,공릉동 소문난기사식당,https://place.map.kakao.com/16268498,소문난기사식당,기사식당,3.3,10
183,서울특별시 노원구 공릉동 393-5 ,마포생고기,한식,공릉동 마포생고기,https://place.map.kakao.com/12991364,마포생고기,"육류,고기",3.2,12
184,서울특별시 노원구 공릉동 393-5번지 ,북한강민물고기매운탕,한식,공릉동 북한강민물고기매운탕,https://place.map.kakao.com/10460651,북한강민물고기매운탕,"매운탕,해물탕",4.8,4
185,서울특별시 노원구 공릉동 393-5번지 1층 ,오징어바다,한식,공릉동 오징어바다,https://place.map.kakao.com/16330146,싱싱오징어바다 과기대점,"해물,생선",2.6,5
186,서울특별시 노원구 공릉동 431-2 ,아이엠돈까스,경양식,공릉동 아이엠돈까스,https://place.map.kakao.com/27404804,아이엠돈까스,"돈까스,우동",4.0,22
187,서울특별시 노원구 공릉동 388-5번지 ,참맛감자탕,한식,공릉동 참맛감자탕,https://place.map.kakao.com/773352732,참맛감자탕,감자탕,4.2,5
188,서울특별시 노원구 공릉동 393-15번지 1 2층 ,공덕관,중국식,공릉동 공덕관,https://place.map.kakao.com/16765207,공덕관,중국요리,2.2,21
189,서울특별시 노원구 공릉동 388-6번지 지상1층 ,전봇대연탄막창구이,한식,공릉동 전봇대연탄막창구이,https://place.map.kakao.com/23106158,전봇대연탄불막창구이,"곱창,막창",3.3,8
190,서울특별시 노원구 공릉동 596-12번지 1층 ,김용희 참치,일식,공릉동 김용희 참치,https://place.map.kakao.com/2025010123,김용희참치,참치회,2.8,8
191,서울특별시 노원구 공릉동 617-1번지 102호,모녀바지락칼국수,한식,공릉동 모녀바지락칼국수,https://place.map.kakao.com/295945520,모녀바지락칼국수,국수,4.5,6
192,서울특별시 노원구 공릉동 581-3번지 ,곰실집,한식,공릉동 곰실집,https://place.map.kakao.com/461296090,곰실집,"육류,고기",5.0,1
193,서울특별시 노원구 공릉동 502-25,신미방,중국식,공릉동 신미방,https://place.map.kakao.com/79841784,신미방,중국요리,4.0,4
194,서울특별시 노원구 공릉동 617-3 ,비비큐태능입구역점,호프/통닭,공릉동 비비큐태능입구역점,https://place.map.kakao.com/777437378,비비큐 태능입구역점,치킨,5.0,1
195,서울특별시 노원구 공릉동 392-1 ,공릉우동집,한식,공릉동 공릉우동집,https://place.map.kakao.com/16555583,공릉우동집,"돈까스,우동",3.3,26
196,서울특별시 노원구 공릉동 392-1번지 ,도리연닭도리탕,한식,공릉동 도리연닭도리탕,https://place.map.kakao.com/630792117,도리연닭도리탕 공릉점,닭요리,4.0,3
197,서울특별시 노원구 공릉동 593-3번지 드림데시앙 103호,공:도,기타,공릉동 공:도,https://place.map.kakao.com/1675562479,공도,양식,3.5,20
198,서울특별시 노원구 공릉동 581-2 동성상운주식회사 ,뜸들이다 공릉점,한식,공릉동 뜸들이다 공릉점,https://place.map.kakao.com/533958805,뜸들이다 공릉점,한식,0,0
199,서울특별시 노원구 공릉동 581-2번지 동성상운주식회사 ,밥꼬찜닭,한식,공릉동 밥꼬찜닭,https://place.map.kakao.com/1649990116,밥꼬찜닭 공릉점,닭요리,0,0
200,서울특별시 노원구 공릉동 389-7번지 1층 ,서울감자탕,한식,공릉동 서울감자탕,https://place.map.kakao.com/655548773,서울감자탕,감자탕,4.3,16
201,서울특별시 노원구 공릉동 392-4 EnS빌딩,도요남,경양식,공릉동 도요남,https://place.map.kakao.com/942230075,도요남,양식,5.0,2
202,서울특별시 노원구 공릉동 392-4번지 EnS빌딩 ,개기일식,일식,공릉동 개기일식,https://place.map.kakao.com/815490272,개기일식,일식,4.3,27
203,서울특별시 노원구 공릉동 617-16번지 ,미가네,한식,공릉동 미가네,https://place.map.kakao.com/15821746,미가네,한식,0,0
204,서울특별시 노원구 공릉동 617-6번지 오산빌딩 1층 ,세상만사,한식,공릉동 세상만사,https://place.map.kakao.com/13290871,세상만사뼈다귀 태능역점,해장국,3.2,5
205,서울특별시 노원구 공릉동 392-2,연탄불곱창구이,한식,공릉동 연탄불곱창구이,https://place.map.kakao.com/21412672,원조이모네연탄불곱창,"곱창,막창",2.6,62
206,서울특별시 노원구 공릉동 392-2 1층,가장맛있는족발,한식,공릉동 가장맛있는족발,https://place.map.kakao.com/19856229,가장맛있는족발 공릉역점,가장맛있는족발,3.3,7
207,서울특별시 노원구 공릉동 392-2번지 송암빌딩 2층 ,쌍둥이 가원양꼬치,중국식,공릉동 쌍둥이 가원양꼬치,https://place.map.kakao.com/1199098275,쌍둥이가원양꼬치,양꼬치,4.3,3
208,서울특별시 노원구 공릉동 617-7 ,본죽&비빔밥cafe,한식,공릉동 본죽&비빔밥cafe,https://place.map.kakao.com/11049842,본죽&비빔밥cafe 공릉원자력병원점,본죽&비빔밥cafe,5.0,2
209,서울특별시 노원구 공릉동 566-17번지 1층 ,가마솥 왕족발,한식,공릉동 가마솥 왕족발,https://place.map.kakao.com/15755383,가마솥왕족발,"족발,보쌈",5.0,3
210,서울특별시 노원구 공릉동 389-17,공릉 소담한,호프/통닭,공릉동 공릉 소담한,https://place.map.kakao.com/477994413,소담한,삼겹살,0,0
211,서울특별시 노원구 공릉동 389-17 ,쭈꾸미도사,한식,공릉동 쭈꾸미도사,https://place.map.kakao.com/1341566478,쭈꾸미도사,"해물,생선",2.6,5
212,서울특별시 노원구 공릉동 584-10 연세빌딩 ,삼남매 한식뷔페,한식,공릉동 삼남매 한식뷔페,https://place.map.kakao.com/748862366,삼남매한식뷔페,한식,3.4,5
213,서울특별시 노원구 공릉동 517-65,충주식당,한식,공릉동 충주식당,https://place.map.kakao.com/835492758,충주식당,한식,0,0
214,서울특별시 노원구 공릉동 513-47번지 1층 ,유리네,분식,공릉동 유리네,https://place.map.kakao.com/2077138790,유리네떡볶이,떡볶이,4.6,15
215,서울특별시 노원구 공릉동 593-22번지 ,다선정,한식,공릉동 다선정,https://place.map.kakao.com/16958984,다선정,한식,4.0,1
216,서울특별시 노원구 공릉동 503-2,떡볶이참잘하는집 떡참 노원공릉점,분식,공릉동 떡볶이참잘하는집 떡참 노원공릉점,https://place.map.kakao.com/1429559811,떡참 노원공릉점,떡볶이,5.0,1
217,서울특별시 노원구 공릉동 461-1 ,교촌치킨공릉2호점,호프/통닭,공릉동 교촌치킨공릉2호점,https://place.map.kakao.com/1560569242,교촌치킨 공릉2호점,교촌치킨,2.0,6
218,서울특별시 노원구 공릉동 461-1번지 ,마인하우스,한식,공릉동 마인하우스,https://place.map.kakao.com/1470657576,마인하우스,한식,4.8,6
219,서울특별시 노원구 공릉동 461-1번지 나동 1층호,온달네,한식,공릉동 온달네,https://place.map.kakao.com/21305214,온달네,국수,4.6,7
220,서울특별시 노원구 공릉동 434-2 청교프라자,쉐프의그릴,한식,공릉동 쉐프의그릴,https://place.map.kakao.com/335275224,쉐프의그릴,"육류,고기",3.0,1
221,서울특별시 노원구 공릉동 584-14,차이니S,중국식,공릉동 차이니S,https://place.map.kakao.com/1929059297,차이니S,중국요리,0,0
222,서울특별시 노원구 공릉동 584-3번지 ,수제간장치킨깨비닭,호프/통닭,공릉동 수제간장치킨깨비닭,https://place.map.kakao.com/2035768884,수제간장치킨깨비닭,치킨,4.8,5
223,서울특별시 노원구 공릉동 617-18번지 1층 ,장안동본참치 태릉직영점,한식,공릉동 장안동본참치 태릉직영점,https://place.map.kakao.com/181738557,본참치 태릉직영점,참치회,0,0
224,서울특별시 노원구 공릉동 670-2번지 134호,쌤닭,호프/통닭,공릉동 쌤닭,https://place.map.kakao.com/735465452,쌤닭,치킨,4.7,3
225,서울특별시 노원구 공릉동 621-4,에그머니,경양식,공릉동 에그머니,https://place.map.kakao.com/1826529353,에그머니,양식,4.3,59
226,서울특별시 노원구 공릉동 509-35 ,진주푸드,한식,공릉동 진주푸드,https://place.map.kakao.com/1077899909,진주푸드,한식,0,0
227,서울특별시 노원구 공릉동 509-35 ,피자플래넷 태릉점,기타,공릉동 피자플래넷 태릉점,https://place.map.kakao.com/109715159,피자플래넷 태릉점,피자,5.0,2
228,서울특별시 노원구 공릉동 392-27번지 ,춘천닭갈비,한식,공릉동 춘천닭갈비,https://place.map.kakao.com/16936111,춘천닭갈비 서울과기대점,닭요리,4.9,17
229,서울특별시 노원구 공릉동 621-5,홍성아줌마 추어탕,한식,공릉동 홍성아줌마 추어탕,https://place.map.kakao.com/19011349,홍성아줌마 추어탕순대국,추어,1.0,1
230,서울특별시 노원구 공릉동 509-37 동양빌딩 ,비스트로 무크,경양식,공릉동 비스트로 무크,https://place.map.kakao.com/615571759,비스트로 무크,일식,4.2,6
231,서울특별시 노원구 공릉동 509-37번지 동양빌딩 ,반올림피자샵 하계공릉점,패스트푸드,공릉동 반올림피자샵 하계공릉점,https://place.map.kakao.com/1437439846,반올림피자샵 서울하계공릉점,반올림피자샵,5.0,3
232,서울특별시 노원구 공릉동 593-24번지 ,고윤김밥,분식,공릉동 고윤김밥,https://place.map.kakao.com/1466411045,고윤김밥,분식,3.8,5
233,서울특별시 노원구 공릉동 437-4 공릉동비발디캐슬 ,피자하우스,경양식,공릉동 피자하우스,https://place.map.kakao.com/935177242,피자하우스,패스트푸드,5.0,1
234,서울특별시 노원구 공릉동 437-4 공릉동비발디캐슬 ,샹츠마라,중국식,공릉동 샹츠마라,https://place.map.kakao.com/139212943,샹츠마라,중국요리,3.9,15
235,서울특별시 노원구 공릉동 437-4번지 공릉동비발디캐슬 101동 1102호,밥은화,한식,공릉동 밥은화,https://place.map.kakao.com/110917805,밥은화,한식,4.3,3
236,서울특별시 노원구 공릉동 437-4번지 비발디캐슬 101동 B1106 ,닭사랑,기타,공릉동 닭사랑,https://place.map.kakao.com/13572680,닭사랑,닭요리,4.0,3
237,서울특별시 노원구 공릉동 389-11번지 ,아구명문대,한식,공릉동 아구명문대,https://place.map.kakao.com/724570590,명문대,"해물,생선",4.0,3
238,서울특별시 노원구 공릉동 585-1 1층,가람맛집,한식,공릉동 가람맛집,https://place.map.kakao.com/869145937,가람맛집,한식,0,0
239,서울특별시 노원구 공릉동 585-1번지 ,만두장성,기타 휴게음식점,공릉동 만두장성,https://place.map.kakao.com/1339676000,만두장성,분식,3.6,18
240,서울특별시 노원구 공릉동 435-2 중앙빌딩,비에이치씨치킨(BHC) 공릉역점,호프/통닭,공릉동 비에이치씨치킨(BHC) 공릉역점,https://place.map.kakao.com/1570517199,BHC치킨 공릉역점,BHC치킨,1.7,6
241,서울특별시 노원구 공릉동 435-2 중앙빌딩 ,응급실 국물떡볶이 서울 공릉점,분식,공릉동 응급실 국물떡볶이 서울 공릉점,https://place.map.kakao.com/1945697503,응급실국물떡볶이 서울공릉점,응급실국물떡볶이,3.0,6
242,서울특별시 노원구 공릉동 435-2번지 ,장터솥단지삼겹살,한식,공릉동 장터솥단지삼겹살,https://place.map.kakao.com/16051542,장터솥단지삼겹살,"육류,고기",5.0,3
243,서울특별시 노원구 공릉동 435-2번지 123층 ,맥도날드,패스트푸드,공릉동 맥도날드,https://place.map.kakao.com/26518032,맥도날드 과학기술대점,맥도날드,1.8,19
244,서울특별시 노원구 공릉동 566-41 ,디에트로,한식,공릉동 디에트로,https://place.map.kakao.com/1114860504,디에트로,양식,5.0,7
245,서울특별시 노원구 공릉동 566-40 ,굿 피자 파스타,경양식,공릉동 굿 피자 파스타,https://place.map.kakao.com/1256504413,굿피자파스타,양식,0,0
246,서울특별시 노원구 공릉동 566-21 ,76족보닭,한식,공릉동 76족보닭,https://place.map.kakao.com/705330039,76족보닭,음식점,0,0
247,서울특별시 노원구 공릉동 566-21 ,해성식당 생선구이,한식,공릉동 해성식당 생선구이,https://place.map.kakao.com/1854176146,해성식당생선구이,"해물,생선",0,0
248,서울특별시 노원구 공릉동 566-20 공릉상가 ,공릉동 소머리국밥,한식,공릉동 공릉동 소머리국밥,https://place.map.kakao.com/1540459495,공릉동원조소머리국밥,국밥,0,0
249,서울특별시 노원구 공릉동 566-20번지 ,깨비 순살 닭강정,기타 휴게음식점,공릉동 깨비 순살 닭강정,https://place.map.kakao.com/21528534,깨비순살닭강정,닭강정,5.0,2
250,서울특별시 노원구 공릉동 566-20번지 공릉상가 1층 104호,서울마님죽,일반조리판매,공릉동 서울마님죽,https://place.map.kakao.com/1164424844,서울마님죽 공릉동점,죽,0,0
251,서울특별시 노원구 공릉동 556-15 ,치킨이어라(공릉점),호프/통닭,공릉동 치킨이어라(공릉점),https://place.map.kakao.com/1466145430,치킨이어라 공릉점,치킨,3.0,2
252,서울특별시 노원구 공릉동 503-26 ,지동,한식,공릉동 지동,https://place.map.kakao.com/1568288259,지동 공릉2호점,닭요리,2.7,6
253,서울특별시 노원구 공릉동 389-9번지 화랑빌딩 1층 ,무봉리토종순대국,한식,공릉동 무봉리토종순대국,https://place.map.kakao.com/1741509421,무봉리토종순대국 공릉점,순대,3.0,7
254,서울특별시 노원구 공릉동 670-20 노원 프레미어스 엠코,맛닭꼬 태릉입구역점,호프/통닭,공릉동 맛닭꼬 태릉입구역점,https://place.map.kakao.com/382003282,맛닭꼬 태릉입구역점,맛닭꼬,4.7,3
255,서울특별시 노원구 공릉동 670-20 노원 프레미어스 엠코 ,떡볶이에 밥볶아,분식,공릉동 떡볶이에 밥볶아,https://place.map.kakao.com/279210614,떡볶이에밥볶아,분식,4.6,9
256,서울특별시 노원구 공릉동 670-20 노원 프레미어스 엠코 ,고소미부엌,한식,공릉동 고소미부엌,https://place.map.kakao.com/907289520,고소미부엌 태릉입구역점,분식,3.7,15
257,서울특별시 노원구 공릉동 670-20 노원 프레미어스 엠코 ,수카츠,일식,공릉동 수카츠,https://place.map.kakao.com/418699147,수카츠,"돈까스,우동",5.0,20
258,서울특별시 노원구 공릉동 670-20번지 노원 프레미어스 엠코 ,수준이 다른 치킨,호프/통닭,공릉동 수준이 다른 치킨,https://place.map.kakao.com/411498769,수준이다른치킨,치킨,5.0,2
259,서울특별시 노원구 공릉동 670-20번지 노원 프레미어스 엠코 101동 102호,울림초밥,일식,공릉동 울림초밥,https://place.map.kakao.com/1838950627,울림초밥,일식집,4.5,8
260,서울특별시 노원구 공릉동 670-20번지 노원 프레미어스 엠코 102동 125호,포메인 태릉입구역점,외국음식전문점(인도태국등),공릉동 포메인 태릉입구역점,https://place.map.kakao.com/1777382698,포메인 태릉입구역점,포메인,3.3,6
261,서울특별시 노원구 공릉동 670-20번지 노원프레미어스엠코 102동 126호,돔 펠리체,기타,공릉동 돔 펠리체,https://place.map.kakao.com/630027049,돔펠리체 (휴업중),이탈리안,4.0,5
262,서울특별시 노원구 공릉동 670-20번지 노원프레미어스엠코 102동 128호,르번미태릉점,외국음식전문점(인도태국등),공릉동 르번미태릉점,https://place.map.kakao.com/1010932244,르번미 태릉점,베트남음식,3.8,20
263,서울특별시 노원구 공릉동 670-20번지 엠코상가 102동 217B호,이가참치,일식,공릉동 이가참치,https://place.map.kakao.com/1669762562,이가참치,일식,5.0,7
264,서울특별시 노원구 공릉동 670-20 노원 프레미어스 엠코 ,엄마마음 점심한끼,일반조리판매,공릉동 엄마마음 점심한끼,https://place.map.kakao.com/1511716231,엄마마음점심한끼,간식,5.0,1
265,서울특별시 노원구 공릉동 670-20 노원 프레미어스 엠코 101동 106호,이삭토스트 태릉입구역점,일반조리판매,공릉동 이삭토스트 태릉입구역점,https://place.map.kakao.com/261752724,이삭토스트 태릉입구역점,이삭토스트,3.7,3
266,서울특별시 노원구 공릉동 392-25번지 지상2층 ,리틀파스타,경양식,공릉동 리틀파스타,https://place.map.kakao.com/19693976,리틀파스타 공릉본점,이탈리안,3.4,13
267,서울특별시 노원구 공릉동 439-2번지 ,멍텅구리분식,한식,공릉동 멍텅구리분식,https://place.map.kakao.com/27515257,멍텅구리즉석떡볶이 공릉점,떡볶이,2.8,24
268,서울특별시 노원구 공릉동 437-2번지 ,홍가,경양식,공릉동 홍가,https://place.map.kakao.com/26609492,홍가부대찌개,"찌개,전골",4.5,4
269,서울특별시 노원구 공릉동 392-24,장충왕족발,한식,공릉동 장충왕족발,https://place.map.kakao.com/11165434,장충왕족발,"족발,보쌈",0,0
270,서울특별시 노원구 공릉동 392-20 ,바른치킨 공릉점,호프/통닭,공릉동 바른치킨 공릉점,https://place.map.kakao.com/1475973298,바른치킨 공릉점,바른치킨,5.0,1
271,서울특별시 노원구 공릉동 438-2,이태리 철판,한식,공릉동 이태리 철판,https://place.map.kakao.com/1953703405,이태리철판 서울과학기술대학교점,한식,0,0
272,서울특별시 노원구 공릉동 438-2 ,청교옥,한식,공릉동 청교옥,https://place.map.kakao.com/88388237,청교옥,냉면,3.8,72
273,서울특별시 노원구 공릉동 438-2번지 ,사나이뚝배기과기대점,한식,공릉동 사나이뚝배기과기대점,https://place.map.kakao.com/1220610994,사나이뚝배기 서울과기대점,한식,4.0,10
274,서울특별시 노원구 공릉동 438-2번지 나동 ,지지고 서울과기대점,통닭(치킨),공릉동 지지고 서울과기대점,https://place.map.kakao.com/26460508,지지고 과기대점,지지고,4.9,8
275,서울특별시 노원구 공릉동 557-1 ,나보나,경양식,공릉동 나보나,https://place.map.kakao.com/1999858035,나보나,이탈리안,4.7,16
276,서울특별시 노원구 공릉동 561-5,하랑이네식당,한식,공릉동 하랑이네식당,https://place.map.kakao.com/690397525,하랑이네,한식,5.0,1
277,서울특별시 노원구 공릉동 670-7번지 2층 ,산들바다,한식,공릉동 산들바다,https://place.map.kakao.com/1232150620,산들바다,한정식,1.8,9
278,서울특별시 노원구 공릉동 670-7번지 3층 ,참만나,한식,공릉동 참만나,https://place.map.kakao.com/20749857,참만나,갈비,4.4,13
279,서울특별시 노원구 공릉동 509-41 ,아소코,일식,공릉동 아소코,https://place.map.kakao.com/2013086833,아소코 공릉점,일식,3.2,43
280,서울특별시 노원구 공릉동 561-10,달떡볶이,분식,공릉동 달떡볶이,https://place.map.kakao.com/1901050554,달토끼의떡볶이흡입구역 공릉점,떡볶이,5.0,2
281,서울특별시 노원구 공릉동 440-18번지 ,세겹먹는날,한식,공릉동 세겹먹는날,https://place.map.kakao.com/21413860,세겹먹는날,"육류,고기",4.3,4
282,서울특별시 노원구 공릉동 440-18번지 ,한마당,한식,공릉동 한마당,https://place.map.kakao.com/1524274927,한마당,한식,0,0
283,서울특별시 노원구 공릉동 440-18번지 ,김치만 선생,한식,공릉동 김치만 선생,https://place.map.kakao.com/1525414592,김치만선생,"찌개,전골",3.0,2
284,서울특별시 노원구 공릉동 440-18번지 ,곱창마루,한식,공릉동 곱창마루,https://place.map.kakao.com/305275857,곱창마루,"곱창,막창",5.0,2
285,서울특별시 노원구 공릉동 440-18번지 2층 ,숲속왕돈까스,경양식,공릉동 숲속왕돈까스,https://place.map.kakao.com/20748264,숲속왕돈까스,"돈까스,우동",3.6,9
286,서울특별시 노원구 공릉동 504-20번지 1층 ,추운돼지삼겹살,한식,공릉동 추운돼지삼겹살,https://place.map.kakao.com/1563510748,추운돼지삼겹살 공릉점,삼겹살,3.3,7
287,서울특별시 노원구 공릉동 440-11 ,궁안뜰,한식,공릉동 궁안뜰,https://place.map.kakao.com/2025183820,궁안뜰,삼겹살,0,0
288,서울특별시 노원구 공릉동 440-11번지 2층 ,중국집,중국식,공릉동 중국집,https://place.map.kakao.com/16765207,공덕관,중국요리,2.2,21
289,서울특별시 노원구 공릉동 440-16 2층,맘스터치 과기대점,기타,공릉동 맘스터치 과기대점,https://place.map.kakao.com/26896937,맘스터치 과기대점,맘스터치,1.5,14
290,서울특별시 노원구 공릉동 440-16 도곡빌딩,60계 서울공릉점,기타,공릉동 60계 서울공릉점,https://place.map.kakao.com/2088794819,60계 서울공릉점,60계,3.3,6
291,서울특별시 노원구 공릉동 440-16 도곡빌딩 ,오렌지몽키파스타&마르코죤스 피자,외국음식전문점(인도태국등),공릉동 오렌지몽키파스타&마르코죤스 피자,https://place.map.kakao.com/937745460,오렌지몽키파스타앤 마르코죤스피자,양식,0,0
292,서울특별시 노원구 공릉동 440-16 도곡빌딩 1층 ,옆집떡볶이,경양식,공릉동 옆집떡볶이,https://place.map.kakao.com/1116191670,옆집떡볶이,떡볶이,5.0,1
293,서울특별시 노원구 공릉동 440-16번지 ,요거프레소,분식,공릉동 요거프레소,https://place.map.kakao.com/18765921,요거프레소 공릉2호점,요거프레소,5.0,4
294,서울특별시 노원구 공릉동 440-16번지 ,몽키돈가스,경양식,공릉동 몽키돈가스,https://place.map.kakao.com/27322570,몽키 본점,"돈까스,우동",4.1,7
295,서울특별시 노원구 공릉동 440-16번지 1층 ,한솥도시락,한식,공릉동 한솥도시락,https://place.map.kakao.com/26500659,한솥도시락 서울과학기술대앞점,한솥도시락,1.2,5
296,서울특별시 노원구 공릉동 504-28,일상다반,일식,공릉동 일상다반,https://place.map.kakao.com/27325995,일상다반,일식집,2.9,48
297,서울특별시 노원구 공릉동 745 동신아파트 ,호치킨 공릉점,한식,공릉동 호치킨 공릉점,https://place.map.kakao.com/26102164,호치킨 공릉점,호치킨,3.5,6
298,서울특별시 노원구 공릉동 745 동신아파트 102동상가 204호,동대문 엽기떡볶이 땡초불닭,분식,공릉동 동대문 엽기떡볶이 땡초불닭,https://place.map.kakao.com/14589157,동대문엽기떡볶이 공릉점,동대문엽기떡볶이,1.0,8
299,서울특별시 노원구 공릉동 745 동신아파트 상가A동 102호105호,더진국(공릉점),한식,공릉동 더진국(공릉점),https://place.map.kakao.com/27442494,더진국 공릉점,국밥,2.7,10
300,서울특별시 노원구 공릉동 745번지 201호,네코정,한식,공릉동 네코정,https://place.map.kakao.com/1422521863,네코정,일식,3.7,12
301,서울특별시 노원구 공릉동 745번지 동신상가 ,내가찜한닭,한식,공릉동 내가찜한닭,https://place.map.kakao.com/27104254,내가찜한닭 과기대점,닭요리,4.4,5
302,서울특별시 노원구 공릉동 745번지 동신아파트 102동 107호,치즈밥있슈?(iSSUE),한식,공릉동 치즈밥있슈?(iSSUE),https://place.map.kakao.com/16062316,치즈밥있슈,퓨전한식,4.9,12
303,서울특별시 노원구 공릉동 745번지 동신아파트 2층 102동 2023호,오븐에빠진닭,호프/통닭,공릉동 오븐에빠진닭,https://place.map.kakao.com/22105854,오븐에빠진닭 공릉점,오븐에빠진닭,5.0,3
304,서울특별시 노원구 공릉동 745번지 동신아파트상가 102동 106호,소문날라,한식,공릉동 소문날라,https://place.map.kakao.com/16413693,소문날라,한식,2.5,2
305,서울특별시 노원구 공릉동 745번지 동신아파트상가 104110호 ,크앙 분식,분식,공릉동 크앙 분식,https://place.map.kakao.com/2107374617,크앙분식 과기대점,분식,3.5,4
306,서울특별시 노원구 공릉동 745번지 동신아파트상가 202호,맛보면못참치,일식,공릉동 맛보면못참치,https://place.map.kakao.com/27442498,맛보면못참치,참치회,5.0,1
307,서울특별시 노원구 공릉동 561-12 ,밥아저씨공릉점,한식,공릉동 밥아저씨공릉점,https://place.map.kakao.com/1901105626,밥아저씨 공릉점,한식,0,0
308,서울특별시 노원구 공릉동 440-10,떡볶이는 튀김빨,분식,공릉동 떡볶이는 튀김빨,https://place.map.kakao.com/627299209,떡볶이는튀김빨 본점,떡볶이,0,0
309,서울특별시 노원구 공릉동 440-10번지 ,주니숯불꼬치,분식,공릉동 주니숯불꼬치,https://place.map.kakao.com/19900336,주니숯불꼬치,"육류,고기",5.0,1
310,서울특별시 노원구 공릉동 440-10번지 지상1층 ,봉구스밥버거(서울과학기술대점),일반조리판매,공릉동 봉구스밥버거(서울과학기술대점),https://place.map.kakao.com/19139581,봉구스밥버거 서울과기대점,봉구스밥버거,3.0,3
311,서울특별시 노원구 공릉동 441-92번지 ,루이스버거,경양식,공릉동 루이스버거,https://place.map.kakao.com/1753610905,루이스버거 공릉점,햄버거,2.4,25
312,서울특별시 노원구 공릉동 441-92번지 ,화덕피자주는부대찌개,기타,공릉동 화덕피자주는부대찌개,https://place.map.kakao.com/996150330,화덕피자주는 부대찌개 공릉점,"찌개,전골",1.0,1
313,서울특별시 노원구 공릉동 441-1번지 1층 ,아리랑핫도그,분식,공릉동 아리랑핫도그,https://place.map.kakao.com/1789621701,아리랑핫도그 과학기술대점,패스트푸드,5.0,2
314,서울특별시 노원구 공릉동 441-145 용마빌딩 ,배떡 공릉점,분식,공릉동 배떡 공릉점,https://place.map.kakao.com/733592081,배떡 공릉점,떡볶이,0,0
315,서울특별시 노원구 공릉동 661-1 ,홍콩반점0410,한식,공릉동 홍콩반점0410,https://place.map.kakao.com/1629570399,홍콩반점0410 태릉입구역점,홍콩반점0410,5.0,1
316,서울특별시 노원구 공릉동 561-35 본향성결교회 ,명이 칼국수,한식,공릉동 명이 칼국수,https://place.map.kakao.com/1645227763,명이칼국수,국수,5.0,1
317,서울특별시 노원구 공릉동 561-35 외 1필지 6호,소문난순대족발,한식,공릉동 소문난순대족발,https://place.map.kakao.com/22407032,소문난순대족발,"족발,보쌈",4.3,6
318,서울특별시 노원구 공릉동 441-59 ,가는김에,한식,공릉동 가는김에,https://place.map.kakao.com/603906455,가는김에,한식,0,0
319,서울특별시 노원구 공릉동 661-2번지 지상1층 ,장미삼계탕,한식,공릉동 장미삼계탕,https://place.map.kakao.com/8054925,장미삼계탕 태릉본점,삼계탕,0,0
320,서울특별시 노원구 공릉동 590-3 ,자담치킨,호프/통닭,공릉동 자담치킨,https://place.map.kakao.com/27608724,자담치킨 서울공릉점,자담치킨,5.0,5
321,서울특별시 노원구 공릉동 590-3 ,소소한식객,분식,공릉동 소소한식객,https://place.map.kakao.com/1320321123,소소한식객,음식점,0,0
322,서울특별시 노원구 공릉동 506-36번지 ,페리카나,호프/통닭,공릉동 페리카나,https://place.map.kakao.com/8616938,페리카나 월계삼호점,페리카나,0,0
323,서울특별시 노원구 공릉동 661-4번지 우성빌딩 ,이츠초밥,기타,공릉동 이츠초밥,https://place.map.kakao.com/1296338001,이츠초밥,"초밥,롤",4.5,22
324,서울특별시 노원구 공릉동 441-136번지 1층 ,오름,한식,공릉동 오름,https://place.map.kakao.com/903435269,오름제주고기 본점,"육류,고기",2.6,13
325,서울특별시 노원구 공릉동 661-3번지 북부포커스빌 101호 ,전주식당,한식,공릉동 전주식당,https://place.map.kakao.com/14491785,전주식당,"해물,생선",4.0,1
326,서울특별시 노원구 공릉동 752 광덕아파트,와! 9이닭,호프/통닭,공릉동 와! 9이닭,https://place.map.kakao.com/167979184,와! 9이닭,치킨,0,0
327,서울특별시 노원구 공릉동 752번지 광덕상가 101호,도깨비정육식당,식육(숯불구이),공릉동 도깨비정육식당,https://place.map.kakao.com/20284503,도깨비정육식당,"육류,고기",5.0,1
328,서울특별시 노원구 공릉동 752번지 광덕아파트 상가 103호 ,금자탑,한식,공릉동 금자탑,https://place.map.kakao.com/21240357,금자탑,한식,0,0
329,서울특별시 노원구 공릉동 441-18번지 ,기린,일식,공릉동 기린,https://place.map.kakao.com/270488437,기린,일본식라면,4.2,19
330,서울특별시 노원구 공릉동 561-20 ,우리할매떡볶이,분식,공릉동 우리할매떡볶이,https://place.map.kakao.com/1940208491,우리할매떡볶이 가재울점,우리할매떡볶이,4.5,13
331,서울특별시 노원구 공릉동 590-4,현주식당,한식,공릉동 현주식당,https://place.map.kakao.com/16326399,현주식당,한식,0,0
332,서울특별시 노원구 공릉동 441-152번지 2층 ,로지스시,일식,공릉동 로지스시,https://place.map.kakao.com/27473705,로지스시 공릉점,일식,3.8,23
333,서울특별시 노원구 공릉동 441-152번지 1층 ,피자스쿨,패스트푸드,공릉동 피자스쿨,https://place.map.kakao.com/8136049,피자스쿨 공릉점,피자스쿨,3.5,8
334,서울특별시 노원구 공릉동 633-3번지 ,킴밥,한식,공릉동 킴밥,https://place.map.kakao.com/1889754472,킴밥,한식,0,0
335,서울특별시 노원구 공릉동 633-18번지 제일빌딩 12층 ,제일콩집,한식,공릉동 제일콩집,https://place.map.kakao.com/8083654,제일콩집,두부전문점,3.7,72
336,서울특별시 노원구 공릉동 441-26 오성빌딩,플렉스버거,경양식,공릉동 플렉스버거,https://place.map.kakao.com/754311770,플렉스버거,햄버거,4.0,22
337,서울특별시 노원구 공릉동 441-26번지 공간팬시 ,국민소곱창,한식,공릉동 국민소곱창,https://place.map.kakao.com/2140415713,국민소곱창 공릉점,"곱창,막창",4.2,6
338,서울특별시 노원구 공릉동 441-19 세림빌딩 ,이정림 수제햄 부대찌개,일식,공릉동 이정림 수제햄 부대찌개,https://place.map.kakao.com/381875424,이정림수제햄부대찌개,"찌개,전골",4.2,5
339,서울특별시 노원구 공릉동 441-19번지 103호 ,부어치킨 공릉점,기타,공릉동 부어치킨 공릉점,https://place.map.kakao.com/1371833231,부어치킨 공릉점,부어치킨,4.0,5
340,서울특별시 노원구 공릉동 441-19번지 세림빌딩 ,써브웨이,패스트푸드,공릉동 써브웨이,https://place.map.kakao.com/19658550,써브웨이 공릉점,써브웨이,3.1,19
341,서울특별시 노원구 공릉동 561-21 ,샐러드&공리단길,기타,공릉동 샐러드&공리단길,https://place.map.kakao.com/295607504,샐러디 태릉입구역점,샐러디,4.3,9
342,서울특별시 노원구 공릉동 587-6 ,샌드위치 날에,기타,공릉동 샌드위치 날에,https://place.map.kakao.com/1347466197,샌드위치날에,샌드위치,4.2,5
343,서울특별시 노원구 공릉동 350-22,팬시버거클럽,경양식,공릉동 팬시버거클럽,https://place.map.kakao.com/2134430556,팬시버거클럽,햄버거,5.0,6
344,서울특별시 노원구 공릉동 661-16번지 ,칼국수집,기타,공릉동 칼국수집,https://place.map.kakao.com/13594099,장수해물칼국수,국수,3.8,8
345,서울특별시 노원구 공릉동 633-11번지 ,비에이치씨(BHC) 태릉입구점,호프/통닭,공릉동 비에이치씨(BHC) 태릉입구점,https://place.map.kakao.com/26580341,BHC치킨 태릉입구점,치킨,1.9,16
346,서울특별시 노원구 공릉동 633-13번지 ,와우곱창,한식,공릉동 와우곱창,https://place.map.kakao.com/16736657,와우곱창,"곱창,막창",5.0,4
347,서울특별시 노원구 공릉동 633-4번지 1층 ,육공판 공릉점,한식,공릉동 육공판 공릉점,https://place.map.kakao.com/1218434284,육공판 공릉점,"육류,고기",3.5,8
348,서울특별시 노원구 공릉동 208-18번지 ,웰빙왕십리곱창,한식,공릉동 웰빙왕십리곱창,https://place.map.kakao.com/21331942,웰빙왕십리곱창,"곱창,막창",3.7,7
349,서울특별시 노원구 공릉동 208-18번지 ,쪼매매운떡볶이,분식,공릉동 쪼매매운떡볶이,https://place.map.kakao.com/16703995,쪼매매운떡볶이 공릉점,떡볶이,4.5,93
350,서울특별시 노원구 공릉동 208-18번지 ,와플대학공릉캠퍼스,분식,공릉동 와플대학공릉캠퍼스,https://place.map.kakao.com/545955001,와플대학 공릉캠퍼스,와플대학,1.4,10
351,서울특별시 노원구 공릉동 208-18번지 ,라화방 마라탕,중국식,공릉동 라화방 마라탕,https://place.map.kakao.com/315578128,라화방마라탕,중식,4.3,7
352,서울특별시 노원구 공릉동 208-18번지 1층8호 ,예고집황태칼국수,한식,공릉동 예고집황태칼국수,https://place.map.kakao.com/20746802,예고집황태칼국수왕돈까스,국수,0,0
353,서울특별시 노원구 공릉동 208-18번지 1층 6호,명랑시대쌀핫도그,일반조리판매,공릉동 명랑시대쌀핫도그,https://place.map.kakao.com/645382156,명랑핫도그 과기대점,명랑핫도그,4.5,2
354,서울특별시 노원구 공릉동 441-25번지 ,보딩샐러드키친,한식,공릉동 보딩샐러드키친,https://place.map.kakao.com/2015002492,보딩샐러드키친,양식,5.0,1
355,서울특별시 노원구 공릉동 441-25번지 1층 ,맛닭꼬 과기대점,한식,공릉동 맛닭꼬 과기대점,https://place.map.kakao.com/197307079,맛닭꼬 과기대점,맛닭꼬,4.0,6
356,서울특별시 노원구 공릉동 441-25번지 2층 ,열화철판,한식,공릉동 열화철판,https://place.map.kakao.com/174772884,열화철판,"곱창,막창",3.0,4
357,서울특별시 노원구 공릉동 633-15 ,암사골 숯불 닭갈비,한식,공릉동 암사골 숯불 닭갈비,https://place.map.kakao.com/222214468,암사골숯불닭갈비,한식,4.9,8
358,서울특별시 노원구 공릉동 633-15 ,연탄이네,한식,공릉동 연탄이네,https://place.map.kakao.com/1364871976,연탄이네,"육류,고기",0,0
359,서울특별시 노원구 공릉동 633-15 경동상가,장자방,중국식,공릉동 장자방,https://place.map.kakao.com/1981437173,장자방,중국요리,5.0,1
360,서울특별시 노원구 공릉동 633-15번지 ,김밥나라,한식,공릉동 김밥나라,https://place.map.kakao.com/21412771,김밥나라 태능점,분식,0,0
361,서울특별시 노원구 공릉동 633-15번지 경동상가 ,공릉동 최고집 순대국,한식,공릉동 공릉동 최고집 순대국,https://place.map.kakao.com/490043220,공릉동 최고집순대국,순대,4.3,6
362,서울특별시 노원구 공릉동 633-17 성종빌딩 ,오봉집공릉점,한식,공릉동 오봉집공릉점,https://place.map.kakao.com/1276431978,오봉집 공릉점,오봉집,4.1,30
363,서울특별시 노원구 공릉동 661-7번지 ,태릉풍천장어,한식,공릉동 태릉풍천장어,https://place.map.kakao.com/1653381358,태릉풍천장어,장어,3.0,10
364,서울특별시 노원구 공릉동 589-13 1층 ,이나닭강정 공릉점,기타,공릉동 이나닭강정 공릉점,https://place.map.kakao.com/1502942494,이나닭강정 공릉점,닭강정,5.0,1
365,서울특별시 노원구 공릉동 661-8번지 ,진국식당,한식,공릉동 진국식당,https://place.map.kakao.com/27442494,더진국 공릉점,국밥,2.7,10
366,서울특별시 노원구 공릉동 338-46,육평,중국식,공릉동 육평,https://place.map.kakao.com/300297301,육평,중식,1.0,1
367,서울특별시 노원구 공릉동 338-46번지 1층 ,오닭꼬치,한식,공릉동 오닭꼬치,https://place.map.kakao.com/57920887,오닭꼬치 공릉점,닭요리,2.8,10
368,서울특별시 노원구 공릉동 424-2번지 1층 ,불타는 생고기,한식,공릉동 불타는 생고기,https://place.map.kakao.com/16790399,불타는생고기 공릉점,"육류,고기",4.5,6
369,서울특별시 노원구 공릉동 424-2 ,샐러디 공릉점,패스트푸드,공릉동 샐러디 공릉점,https://place.map.kakao.com/1135559208,샐러디 공릉점,샐러디,4.0,4
370,서울특별시 노원구 공릉동 644-7 1층,태릉양꼬치,중국식,공릉동 태릉양꼬치,https://place.map.kakao.com/1016347969,태릉양꼬치양갈비,양꼬치,4.3,13
371,서울특별시 노원구 공릉동 351-21번지 ,밥집,한식,공릉동 밥집,https://place.map.kakao.com/16528461,하수분초밥집,"초밥,롤",0,0
372,서울특별시 노원구 공릉동 351-28,롤리드펌킨,한식,공릉동 롤리드펌킨,https://place.map.kakao.com/1867139384,롤리드펌킨,한식,4.8,4
373,서울특별시 노원구 공릉동 661-9번지 ,파파존스공릉점,패스트푸드,공릉동 파파존스공릉점,https://place.map.kakao.com/1852022788,파파존스 공릉점,파파존스,1.8,4
374,서울특별시 노원구 공릉동 644-1,코쿠카츠,한식,공릉동 코쿠카츠,https://place.map.kakao.com/1990997404,코쿠카츠,"돈까스,우동",4.7,9
375,서울특별시 노원구 공릉동 644-1번지 ,대박소갈비살,한식,공릉동 대박소갈비살,https://place.map.kakao.com/24482507,대박소갈비살,갈비,5.0,3
376,서울특별시 노원구 공릉동 424-3 ,육회왕자 연어공주 공릉점,분식,공릉동 육회왕자 연어공주 공릉점,https://place.map.kakao.com/896022892,육회왕자연어공주 공릉점,"육류,고기",5.0,1
377,서울특별시 노원구 공릉동 424-3번지 ,왕짜장,중국식,공릉동 왕짜장,https://place.map.kakao.com/11648405,왕짜장,중국요리,2.0,5
378,서울특별시 노원구 공릉동 589-21번지 이지스퀘어 좌측호,경성초밥,일식,공릉동 경성초밥,https://place.map.kakao.com/1169910256,경성초밥,일식,4.8,49
379,서울특별시 노원구 공릉동 661-14 서울동아의원 ,왕손이네,식육(숯불구이),공릉동 왕손이네,https://place.map.kakao.com/1091533637,왕손이네,"육류,고기",5.0,1
380,서울특별시 노원구 공릉동 661-14번지 ,최군우동,한식,공릉동 최군우동,https://place.map.kakao.com/374887617,최군우동 태릉본점,"돈까스,우동",4.3,7
381,서울특별시 노원구 공릉동 644-16,육회란연어다,한식,공릉동 육회란연어다,https://place.map.kakao.com/645167940,육회란연어다,"해물,생선",2.3,6
382,서울특별시 노원구 공릉동 661-13번지 지상1층 ,암사골숯불닭갈비,일식,공릉동 암사골숯불닭갈비,https://place.map.kakao.com/222214468,암사골숯불닭갈비,한식,4.9,8
383,서울특별시 노원구 공릉동 644-17 ,맷돌빈대떡,한식,공릉동 맷돌빈대떡,https://place.map.kakao.com/16906266,맷돌즉석빈대떡,한식,0,0
384,서울특별시 노원구 공릉동 644-17 ,순살만공격 공릉점,한식,공릉동 순살만공격 공릉점,https://place.map.kakao.com/924198510,순살만공격 노원공릉점,순살만공격,0,0
385,서울특별시 노원구 공릉동 661-11번지 ,외백,호프/통닭,공릉동 외백,https://place.map.kakao.com/1825150470,외백,중국요리,4.2,13
386,서울특별시 노원구 공릉동 424-8 유성빌딩 ,춘리마라탕 공릉점,중국식,공릉동 춘리마라탕 공릉점,https://place.map.kakao.com/2064157302,춘리마라탕 공릉점,중식,4.9,8
387,서울특별시 노원구 공릉동 424-8 유성빌딩 104호,구어돈,한식,공릉동 구어돈,https://place.map.kakao.com/1801485835,구어돈 공릉점,"육류,고기",0,0
388,서울특별시 노원구 공릉동 424-8번지 ,비비큐(BBQ)공릉점,통닭(치킨),공릉동 비비큐(BBQ)공릉점,https://place.map.kakao.com/22519176,BBQ 공릉점,BBQ,1.8,5
389,서울특별시 노원구 공릉동 351-1 서로퍼스트빌 ,아빠의 파스타,분식,공릉동 아빠의 파스타,https://place.map.kakao.com/2029815873,아빠의파스타,이탈리안,4.6,14
390,서울특별시 노원구 공릉동 351-1 서로퍼스트빌 1층 105호,기찻길풍경(야채곱창),한식,공릉동 기찻길풍경(야채곱창),https://place.map.kakao.com/1137642618,기찻길풍경야채곱창,"곱창,막창",3.3,35
391,서울특별시 노원구 공릉동 644-22번지 ,요리사의 길,경양식,공릉동 요리사의 길,https://place.map.kakao.com/1918064650,요리사의 길,양식,0,0
392,서울특별시 노원구 공릉동 644-49 이룸 빌딩 ,토리쿠,일식,공릉동 토리쿠,https://place.map.kakao.com/1830150124,토리쿠,일식,2.0,12
393,서울특별시 노원구 공릉동 349-9번지 (공릉로39길 18-1) ,변산소머리국밥,한식,공릉동 변산소머리국밥,https://place.map.kakao.com/19434128,변산소머리국밥,국밥,5.0,2
394,서울특별시 노원구 공릉동 424-4 ,스시쟁이,일식,공릉동 스시쟁이,https://place.map.kakao.com/21766457,스시쟁이,"초밥,롤",2.9,19
395,서울특별시 노원구 공릉동 424-4번지 1층 ,오늘은강정,기타 휴게음식점,공릉동 오늘은강정,https://place.map.kakao.com/14809734,오늘은강정,닭강정,3.5,8
396,서울특별시 노원구 공릉동 408-125번지 ,로지다이닝,일식,공릉동 로지다이닝,https://place.map.kakao.com/395667039,로지다이닝키친,일식,4.2,20
397,서울특별시 노원구 공릉동 338-61 ,하노이별,기타,공릉동 하노이별,https://place.map.kakao.com/19010252,하노이별 공릉점,베트남음식,3.4,17
398,서울특별시 노원구 공릉동 705 ,돈까스회관 (공릉점),기타,공릉동 돈까스회관 (공릉점),https://place.map.kakao.com/229652101,돈까스회관 공릉점,"돈까스,우동",3.0,1
399,서울특별시 노원구 공릉동 705 동부아파트,우리국수,한식,공릉동 우리국수,https://place.map.kakao.com/540855279,우리국수,국수,0,0
400,서울특별시 노원구 공릉동 705번지 동부(아) 상가동 106호,바이루시아,경양식,공릉동 바이루시아,https://place.map.kakao.com/1305441074,바이루시아,이탈리안,5.0,1
401,서울특별시 노원구 공릉동 705번지 동부아파트 상가 102호,참치세상,일식,공릉동 참치세상,https://place.map.kakao.com/24064837,참치세상,참치회,4.6,7
402,서울특별시 노원구 공릉동 653-4 1층 ,진돈,한식,공릉동 진돈,https://place.map.kakao.com/32758007,진돈,"육류,고기",5.0,1
403,서울특별시 노원구 공릉동 441-91 ,봉평산골메밀촌,한식,공릉동 봉평산골메밀촌,https://place.map.kakao.com/17223169,원조강영숙봉평메밀촌 본점,국수,4.5,22
404,서울특별시 노원구 공릉동 415-56 ,자가제빵 선명희 피자 공릉점,기타,공릉동 자가제빵 선명희 피자 공릉점,https://place.map.kakao.com/1140199930,자가제빵선명희피자 공릉점,피자,4.9,9
405,서울특별시 노원구 공릉동 408-1번지 102호,알러이,기타,공릉동 알러이,https://place.map.kakao.com/1682005121,알러이,아시아음식,4.7,42
406,서울특별시 노원구 공릉동 351-2번지 주완위즈빌 103호,노다지,한식,공릉동 노다지,https://place.map.kakao.com/27322418,노다지보신탕 공릉동점,"사철탕,영양탕",1.0,2
407,서울특별시 노원구 공릉동 208-24 ,복쓰부,중국식,공릉동 복쓰부,https://place.map.kakao.com/1067983447,복쓰부,중국요리,4.2,5
408,서울특별시 노원구 공릉동 208-24번지 ,피엠푸드,패스트푸드,공릉동 피엠푸드,https://place.map.kakao.com/660238789,피엠푸드,음식점,0,0
409,서울특별시 노원구 공릉동 208-24번지 102호,이삭토스트 공릉점,패스트푸드,공릉동 이삭토스트 공릉점,https://place.map.kakao.com/1909784336,이삭토스트 공릉점,이삭토스트,3.3,7
410,서울특별시 노원구 공릉동 441-98 ,공릉숯불생고기,한식,공릉동 공릉숯불생고기,https://place.map.kakao.com/1524555814,뭉탱이공릉숯불생고기,"육류,고기",4.4,7
411,서울특별시 노원구 공릉동 441-98번지 B동 ,춘천 숯불 닭갈비,식육(숯불구이),공릉동 춘천 숯불 닭갈비,https://place.map.kakao.com/1637489211,춘천중앙로숯불닭갈비,닭요리,4.7,6
412,서울특별시 노원구 공릉동 644-64 1층,쇠뿔정육식당,한식,공릉동 쇠뿔정육식당,https://place.map.kakao.com/17909124,쇠뿔정육식당 공릉점,"육류,고기",4.6,10
413,서울특별시 노원구 공릉동 408-4번지 건설빌딩 1층 ,백세마인보쌈 공릉본점,한식,공릉동 백세마인보쌈 공릉본점,https://place.map.kakao.com/1315949532,백세마인보쌈 공릉본점,"족발,보쌈",4.4,11
414,서울특별시 노원구 공릉동 653-5번지 ,도미노피자,패스트푸드,공릉동 도미노피자,https://place.map.kakao.com/7832883,도미노피자 공릉점,도미노피자,3.1,7
415,서울특별시 노원구 공릉동 415-58 ,범피 버거,외국음식전문점(인도태국등),공릉동 범피 버거,https://place.map.kakao.com/2038251139,범피버거,햄버거,0,0
416,서울특별시 노원구 공릉동 415-58번지 ,또래오래공릉점,한식,공릉동 또래오래공릉점,https://place.map.kakao.com/7850223,또래오래 노원공릉점,또래오래,5.0,1
417,서울특별시 노원구 공릉동 408-138번지 한빛고시원 ,초원,한식,공릉동 초원,https://place.map.kakao.com/1799187515,초원갈비,갈비,0,0
418,서울특별시 노원구 공릉동 408-138번지 한빛고시원 1층 ,강나루유황오리주물럭,한식,공릉동 강나루유황오리주물럭,https://place.map.kakao.com/16061965,강나루유황오리주물럭 제1본점,오리,3.7,3
419,서울특별시 노원구 공릉동 336-3번지 ,할머니보리밥,한식,공릉동 할머니보리밥,https://place.map.kakao.com/9643836,할머니옛날보리쌈밥,쌈밥,4.7,13
420,서울특별시 노원구 공릉동 740 대아아파트 상가 102호,경복식당,한식,공릉동 경복식당,https://place.map.kakao.com/16414503,경복식당,한식,4.6,126
421,서울특별시 노원구 공릉동 415-62번지 ,용문각,중국식,공릉동 용문각,https://place.map.kakao.com/9277533,용문각,중국요리,5.0,1
422,서울특별시 노원구 공릉동 338-25번지 ,앞마을생고기,한식,공릉동 앞마을생고기,https://place.map.kakao.com/18421459,앞마을생고기,"육류,고기",5.0,2
423,서울특별시 노원구 공릉동 420-3번지 ,공릉순두부,한식,공릉동 공릉순두부,https://place.map.kakao.com/1720615518,공릉순두부,두부전문점,3.1,9
424,서울특별시 노원구 공릉동 338-6 102호,교촌치킨공릉1호점,호프/통닭,공릉동 교촌치킨공릉1호점,https://place.map.kakao.com/1133851831,교촌치킨 공릉1호점,교촌치킨,1.4,18
425,서울특별시 노원구 공릉동 338-6 영남빌딩 ,차차,외국음식전문점(인도태국등),공릉동 차차,https://place.map.kakao.com/721590559,차차,태국음식,4.9,16
426,서울특별시 노원구 공릉동 415-53 ,퍼스트 쿡 카츠,한식,공릉동 퍼스트 쿡 카츠,https://place.map.kakao.com/4268754,퍼스트쿡카츠,"돈까스,우동",4.6,22
427,서울특별시 노원구 공릉동 411-16 ,미스터피자공릉점,패스트푸드,공릉동 미스터피자공릉점,https://place.map.kakao.com/7882371,미스터피자 공릉점,미스터피자,1.8,4
428,서울특별시 노원구 공릉동 408-6,세친구곱창,한식,공릉동 세친구곱창,https://place.map.kakao.com/1646474328,세친구곱창,"곱창,막창",2.6,5
429,서울특별시 노원구 공릉동 408-6 ,돌판생고기,한식,공릉동 돌판생고기,https://place.map.kakao.com/496147202,돌판생고기,"육류,고기",4.0,4
430,서울특별시 노원구 공릉동 408-6 토마토유치원 ,김가네 찜칼국수,식육(숯불구이),공릉동 김가네 찜칼국수,https://place.map.kakao.com/536237723,김가네찜칼국수,한식,4.9,10
431,서울특별시 노원구 공릉동 408-6번지 104호,싸다김밥,분식,공릉동 싸다김밥,https://place.map.kakao.com/1385352415,싸다김밥,한식,2.0,7
432,서울특별시 노원구 공릉동 411-10번지 ,소망숯불갈비,식육(숯불구이),공릉동 소망숯불갈비,https://place.map.kakao.com/12042712,소망숯불갈비,갈비,5.0,8
433,서울특별시 노원구 공릉동 420-6번지 ,치킨마루(원자력병원점),호프/통닭,공릉동 치킨마루(원자력병원점),https://place.map.kakao.com/17529513,치킨마루 원자력병원점,치킨마루,3.6,5
434,서울특별시 노원구 공릉동 333-13 1층 ,달토끼의 떡볶이 흡입구역,호프/통닭,공릉동 달토끼의 떡볶이 흡입구역,https://place.map.kakao.com/1901050554,달토끼의떡볶이흡입구역 공릉점,떡볶이,5.0,2
435,서울특별시 노원구 공릉동 422-2번지 1층 ,신우정,한식,공릉동 신우정,https://place.map.kakao.com/16051361,신우정,한식,0,0
436,서울특별시 노원구 공릉동 422-2번지 301호,도쿄식탁,한식,공릉동 도쿄식탁,https://place.map.kakao.com/1208428590,도쿄식탁,일식,2.7,3
437,서울특별시 노원구 공릉동 345-3 ,광수육회 공릉점,한식,공릉동 광수육회 공릉점,https://place.map.kakao.com/1456243336,광수육회 공릉점,"육류,고기",5.0,1
438,서울특별시 노원구 공릉동 345-3 ,도로시파스타 연정 공릉점,기타,공릉동 도로시파스타 연정 공릉점,https://place.map.kakao.com/1486417447,도로시파스타연정 공릉점,이탈리안,5.0,1
439,서울특별시 노원구 공릉동 345-3 외 1필지 제2호 104호호,이런씨불닭발,호프/통닭,공릉동 이런씨불닭발,https://place.map.kakao.com/767037599,이런씨불닭발,닭요리,5.0,4
440,서울특별시 노원구 공릉동 345-3번지 ,구공탄,한식,공릉동 구공탄,https://place.map.kakao.com/324387369,구공탄친구들,"육류,고기",0,0
441,서울특별시 노원구 공릉동 345-3 ,샤맛고,일반조리판매,공릉동 샤맛고,https://place.map.kakao.com/307629130,샤맛고,식품판매,0,0
442,서울특별시 노원구 공릉동 411-9번지 ,여기꼬치네,한식,공릉동 여기꼬치네,https://place.map.kakao.com/1343681679,"여기,꼬치네",일식,3.9,9
443,서울특별시 노원구 공릉동 421-19 현대프라자,본죽&비빔밥 공릉원자력병원점,한식,공릉동 본죽&비빔밥 공릉원자력병원점,https://place.map.kakao.com/11049842,본죽&비빔밥cafe 공릉원자력병원점,본죽&비빔밥cafe,5.0,2
444,서울특별시 노원구 공릉동 421-19 현대프라자 ,부대집며느리,한식,공릉동 부대집며느리,https://place.map.kakao.com/147474345,부대집며느리,한식,5.0,5
445,서울특별시 노원구 공릉동 421-19 현대프라자 ,리틀하노이 공릉점,외국음식전문점(인도태국등),공릉동 리틀하노이 공릉점,https://place.map.kakao.com/1100024549,리틀하노이 공릉점,음식점,0,0
446,서울특별시 노원구 공릉동 421-19번지 현대프라자 105호 ,미소야,분식,공릉동 미소야,https://place.map.kakao.com/7889776,미소야 공릉점,미소야,1.0,3
447,서울특별시 노원구 공릉동 421-19번지 현대프라자 111호,화로상회 공릉점,한식,공릉동 화로상회 공릉점,https://place.map.kakao.com/1677550004,화로상회 공릉점,"육류,고기",4.5,10
448,서울특별시 노원구 공릉동 238-48번지 ,스시락,일식,공릉동 스시락,https://place.map.kakao.com/26838619,스시락 2호점,"초밥,롤",4.6,13
449,서울특별시 노원구 공릉동 411-4번지 1층 ,인차이나,중국식,공릉동 인차이나,https://place.map.kakao.com/26861724,인차이나,중국요리,3.3,21
450,서울특별시 노원구 공릉동 333-16 ,페페그라노,기타,공릉동 페페그라노,https://place.map.kakao.com/2026803402,페페그라노,이탈리안,3.9,52
451,서울특별시 노원구 공릉동 408-8번지 ,등촌샤브칼국수 공릉점,한식,공릉동 등촌샤브칼국수 공릉점,https://place.map.kakao.com/1368613255,등촌샤브칼국수 공릉점,등촌샤브칼국수,4.9,26
452,서울특별시 노원구 공릉동 412-28번지 ,알촌,한식,공릉동 알촌,https://place.map.kakao.com/1255536834,알촌,일식,2.3,3
453,서울특별시 노원구 공릉동 413-3번지 ,세븐돈까스,한식,공릉동 세븐돈까스,https://place.map.kakao.com/20611650,세븐돈까스김밥 공릉점,분식,2.3,3
454,서울특별시 노원구 공릉동 412-29번지 ,우리동네,통닭(치킨),공릉동 우리동네,https://place.map.kakao.com/1458912385,우리동네,한식,0,0
455,서울특별시 노원구 공릉동 412-30 ,떡볶기집,분식,공릉동 떡볶기집,https://place.map.kakao.com/16703995,쪼매매운떡볶이 공릉점,떡볶이,4.5,93
456,서울특별시 노원구 공릉동 412-30번지 ,남원골추어탕,한식,공릉동 남원골추어탕,https://place.map.kakao.com/12565431,남원골추어탕,추어,3.5,2
457,서울특별시 노원구 공릉동 421-17번지 ,한양식당,한식,공릉동 한양식당,https://place.map.kakao.com/16270263,광주한양식당,한식,3.7,6
458,서울특별시 노원구 공릉동 238-47번지 ,신전떡볶이,분식,공릉동 신전떡볶이,https://place.map.kakao.com/27135946,신전떡볶이 공릉점,신전떡볶이,4.6,9
459,서울특별시 노원구 공릉동 238-47번지 (공릉로38길 6) ,큰집 닭강정,커피숍,공릉동 큰집 닭강정,https://place.map.kakao.com/24265751,큰집닭강정 태릉점,닭강정,4.8,8
460,서울특별시 노원구 공릉동 412-31,청년감자탕 순대국 공릉점,한식,공릉동 청년감자탕 순대국 공릉점,https://place.map.kakao.com/1020469951,청년감자탕순대국 공릉점,감자탕,5.0,5
461,서울특별시 노원구 공릉동 645-18,753 베이글 비스트로,외국음식전문점(인도태국등),공릉동 753 베이글 비스트로,https://place.map.kakao.com/1225101632,753베이글비스트로,디저트카페,5.0,4
462,서울특별시 노원구 공릉동 340-15 베에스다피아노학원 ,육회퐁당,한식,공릉동 육회퐁당,https://place.map.kakao.com/850819115,육회퐁당,"육류,고기",0,0
463,서울특별시 노원구 공릉동 340-15번지 ,딸만셋냉면(공릉점),한식,공릉동 딸만셋냉면(공릉점),https://place.map.kakao.com/16299128,딸만셋냉면 공릉점,냉면,3.7,3
464,서울특별시 노원구 공릉동 345-1번지 ,횡성생고기집,한식,공릉동 횡성생고기집,https://place.map.kakao.com/20746565,횡성한우정육백화점,"육류,고기",4.6,21
465,서울특별시 노원구 공릉동 238-42번지 ,동대문닭한마리칼국수,한식,공릉동 동대문닭한마리칼국수,https://place.map.kakao.com/15823847,동대문 닭한마리칼국수,국수,0,0
466,서울특별시 노원구 공릉동 172 서울과학기술대학교,강남푸드,푸드트럭,공릉동 강남푸드,https://place.map.kakao.com/1819474392,강남푸드,음식점,0,0
467,서울특별시 노원구 공릉동 653-20번지 12층 ,안시성,중국식,공릉동 안시성,https://place.map.kakao.com/16906789,안시성,중국요리,2.2,19
468,서울특별시 노원구 공릉동 421-15번지 47 윤탁노블레스 103호,본도시락(공릉점),한식,공릉동 본도시락(공릉점),https://place.map.kakao.com/21656576,본도시락 공릉점,본도시락,4.0,1
469,서울특별시 노원구 공릉동 412-21번지 ,땡불초닭발,기타,공릉동 땡불초닭발,https://place.map.kakao.com/24902377,땡불초닭발,닭요리,5.0,1
470,서울특별시 노원구 공릉동 412-32 ,광어한마리 15000원,횟집,공릉동 광어한마리 15000원,https://place.map.kakao.com/847464019,"광어한마리15,000원",한식,5.0,1
471,서울특별시 노원구 공릉동 412-36번지 1층 ,황토닭갈비,한식,공릉동 황토닭갈비,https://place.map.kakao.com/185218264,황토닭갈비,닭요리,5.0,2
472,서울특별시 노원구 공릉동 240-20,공릉멸치국수,한식,공릉동 공릉멸치국수,https://place.map.kakao.com/19834267,공릉동멸치국수,국수,5.0,1
473,서울특별시 노원구 공릉동 238-36,김가네김밥 공릉점,분식,공릉동 김가네김밥 공릉점,https://place.map.kakao.com/458248540,김가네 공릉점,김가네,2.5,4
474,서울특별시 노원구 공릉동 238-63번지 ,삼성곱창,한식,공릉동 삼성곱창,https://place.map.kakao.com/23107625,청계천8가삼성곱창,"곱창,막창",4.3,8
475,서울특별시 노원구 공릉동 411-26,지코바치킨 공릉점,기타,공릉동 지코바치킨 공릉점,https://place.map.kakao.com/1236525854,지코바 공릉점,지코바,5.0,3
476,서울특별시 노원구 공릉동 223-12번지 ,홍어식당,한식,공릉동 홍어식당,https://place.map.kakao.com/16847766,홍어횟집,"해물,생선",5.0,1
477,서울특별시 노원구 공릉동 412-20 ,솔직하다,일식,공릉동 솔직하다,https://place.map.kakao.com/1708210110,솔직하다,일식,3.9,15
478,서울특별시 노원구 공릉동 238-32 ,깜닭이야 치킨 공릉본점,기타,공릉동 깜닭이야 치킨 공릉본점,https://place.map.kakao.com/1324770763,깜닭이야치킨 공릉본점,치킨,4.6,5
479,서울특별시 노원구 공릉동 649-4 ,피자메카공릉점,패스트푸드,공릉동 피자메카공릉점,https://place.map.kakao.com/27092518,피자메카 공릉점,피자,0,0
480,서울특별시 노원구 공릉동 240-72,하우돈곱창,한식,공릉동 하우돈곱창,https://place.map.kakao.com/1152346496,하우돈곱창,"곱창,막창",4.5,4
481,서울특별시 노원구 공릉동 223-15번지 ,엄마손김밥,분식,공릉동 엄마손김밥,https://place.map.kakao.com/20748268,엄마손김밥,분식,5.0,5
482,서울특별시 노원구 공릉동 240-18번지 1층 ,7번가피자 공릉점,기타,공릉동 7번가피자 공릉점,https://place.map.kakao.com/409637551,7번가피자 공릉점,7번가피자,5.0,8
483,서울특별시 노원구 공릉동 269-6 ,삼청동만둣국,분식,공릉동 삼청동만둣국,https://place.map.kakao.com/1451430732,삼청동만둣국,한식,0,0
484,서울특별시 노원구 공릉동 238-9 1층 ,햇살머믄 꼬마김밥,분식,공릉동 햇살머믄 꼬마김밥,https://place.map.kakao.com/925768395,햇살머믄꼬마김밥,분식,5.0,6
485,서울특별시 노원구 공릉동 238-21번지 ,둘둘치킨,통닭(치킨),공릉동 둘둘치킨,https://place.map.kakao.com/16051445,둘둘치킨 공릉점,둘둘치킨,4.2,5
486,서울특별시 노원구 공릉동 754 공릉삼익2차아파트상가 201동 106호,푸라닭 공릉점,한식,공릉동 푸라닭 공릉점,https://place.map.kakao.com/832467869,푸라닭치킨 공릉점,푸라닭치킨,3.7,3
487,서울특별시 노원구 공릉동 754 삼익2차아파트 상가동 202 203호,지호한방삼계탕,한식,공릉동 지호한방삼계탕,https://place.map.kakao.com/9434466,지호한방삼계탕 공릉점,지호한방삼계탕,4.5,2
488,서울특별시 노원구 공릉동 754번지 공릉삼익2차아파트 ,주주돈가,식육(숯불구이),공릉동 주주돈가,https://place.map.kakao.com/837966358,주주돈가,"육류,고기",5.0,1
489,서울특별시 노원구 공릉동 238-20번지 예림하이빌 1층 ,주세프명인,중국식,공릉동 주세프명인,https://place.map.kakao.com/1368136086,주세프명인,중국요리,4.5,6
490,서울특별시 노원구 공릉동 270-63 ,히토사라,일식,공릉동 히토사라,https://place.map.kakao.com/714985582,히토사라,일식,5.0,2
491,서울특별시 노원구 공릉동 329-28번지 ,LA갈비찜닭,한식,공릉동 LA갈비찜닭,https://place.map.kakao.com/251781921,LA갈비찜닭,갈비,0,0
492,서울특별시 노원구 공릉동 248-8 서광빌딩 ,카우보이치킨 공릉점,호프/통닭,공릉동 카우보이치킨 공릉점,https://place.map.kakao.com/1603117922,카우보이치킨 공릉점,치킨,0,0
493,서울특별시 노원구 공릉동 270-70 ,처갓집양념치킨(공릉점),통닭(치킨),공릉동 처갓집양념치킨(공릉점),https://place.map.kakao.com/26783547,처갓집양념치킨 공릉점,처갓집양념치킨,5.0,6
494,서울특별시 노원구 공릉동 737번지 삼익아파트 ,떡깨비(공릉점),분식,공릉동 떡깨비(공릉점),https://place.map.kakao.com/1841105278,떡깨비 공릉점,분식,0,0
495,서울특별시 노원구 공릉동 240-220 상진빌리지,맘스터치피자앤치킨 화랑대역점,기타,공릉동 맘스터치피자앤치킨 화랑대역점,https://place.map.kakao.com/1624205739,맘스터치 피자앤치킨 화랑대역점,맘스터치,5.0,1
496,서울특별시 노원구 공릉동 240-223번지 1층 ,웰빙곱창,한식,공릉동 웰빙곱창,https://place.map.kakao.com/25550171,웰빙곱창,"곱창,막창",3.7,3
497,서울특별시 노원구 공릉동 240-225 ,두레통닭,호프/통닭,공릉동 두레통닭,https://place.map.kakao.com/743173468,두레통닭 화랑대역점,치킨,4.8,4
498,서울특별시 노원구 공릉동 240-235,더핏짜,경양식,공릉동 더핏짜,https://place.map.kakao.com/342370460,더핏짜 공릉점,피자,0,0
499,서울특별시 노원구 공릉동 240-250번지 지상1층 지하1층 ,던킨도너츠 화랑대역점,패스트푸드,공릉동 던킨도너츠 화랑대역점,https://place.map.kakao.com/21035933,던킨 화랑대역점,던킨,4.8,20
500,서울특별시 노원구 공릉동 81번지 태강아파트지하상가B-102(공릉로34길38-0) ,소풍가는날,기타 휴게음식점,공릉동 소풍가는날,https://place.map.kakao.com/536718138,소풍가는날,분식,0,0
501,서울특별시 노원구 공릉동 89-1 대덕프라자118호 ,피자스쿨화랑대역점,패스트푸드,공릉동 피자스쿨화랑대역점,https://place.map.kakao.com/13275460,피자스쿨 화랑대역점,피자스쿨,2.9,8
502,서울특별시 노원구 공릉동 89-1번지 대덕프라자 111호 ,이삭(서울여대점),분식,공릉동 이삭(서울여대점),https://place.map.kakao.com/9913290,이삭토스트 서울여대점,이삭토스트,2.2,10
503,서울특별시 노원구 공릉동 89-1번지 대덕프라자 112호 ,치킨 마루,호프/통닭,공릉동 치킨 마루,https://place.map.kakao.com/25969677,치킨마루 화랑대점,치킨마루,3.7,3
504,서울특별시 노원구 공릉동 89-1번지 대덕프라자 115호,스시오사카,분식,공릉동 스시오사카,https://place.map.kakao.com/27460688,스시오사카,"초밥,롤",0,0
505,서울특별시 노원구 공릉동 89-1번지 대덕프라자 210211호 ,오달자샤브퀸,한식,공릉동 오달자샤브퀸,https://place.map.kakao.com/286192011,오달자샤브퀸,샤브샤브,3.0,2
506,서울특별시 노원구 공릉동 89-1 대덕프라자 104 ,화랑대역점 본죽&비빔밥cafe,기타 휴게음식점,공릉동 화랑대역점 본죽&비빔밥cafe,https://place.map.kakao.com/15896682,본죽&비빔밥cafe 화랑대역점,본죽&비빔밥cafe,5.0,6
507,서울특별시 노원구 공릉동 89-1번지 ,봉구스밥버거,패스트푸드,공릉동 봉구스밥버거,https://place.map.kakao.com/22115342,봉구스밥버거 화랑대역점,봉구스밥버거,4.5,4
508,서울특별시 노원구 공릉동 89-1번지 대덕프라자 103호 ,죠스떡볶이화랑대역점,일반조리판매,공릉동 죠스떡볶이화랑대역점,https://place.map.kakao.com/19791023,죠스떡볶이 화랑대역점,죠스떡볶이,3.6,9
509,서울특별시 노원구 공릉동 90 공릉9단지청솔아파트 ,스카이푸드,기타,공릉동 스카이푸드,https://place.map.kakao.com/2097599339,스카이푸드,피자,0,0
510,서울특별시 노원구 공릉동 90번지 청솔아파트 상가동 101호 ,화랑대곱창,한식,공릉동 화랑대곱창,https://place.map.kakao.com/16064536,화랑대곱창,"곱창,막창",4.1,11
511,서울특별시 노원구 공릉동 90-4 1층 102호,수연 멸치국수,분식,공릉동 수연 멸치국수,https://place.map.kakao.com/1466478413,수연멸치국수,국수,5.0,6
512,서울특별시 노원구 공릉동 90-4 우토파크프라자,족발3시30분 화랑대역점,한식,공릉동 족발3시30분 화랑대역점,https://place.map.kakao.com/1824613032,족발3시30분 화랑대역점,"족발,보쌈",5.0,2
513,서울특별시 노원구 공릉동 90-4 우토파크프라자 ,왕빈자 전통주막,한식,공릉동 왕빈자 전통주막,https://place.map.kakao.com/412071553,왕빈자전통주막 화랑대역직영점,한식,0,0
514,서울특별시 노원구 공릉동 90-4 우토파크프라자 ,버거킹화랑대역점,패스트푸드,공릉동 버거킹화랑대역점,https://place.map.kakao.com/335629825,버거킹 화랑대역점,버거킹,3.1,7
515,서울특별시 노원구 공릉동 106번지 효성화운트빌 상가동 101102호,굽네치킨(공릉2동점),통닭(치킨),공릉동 굽네치킨(공릉2동점),https://place.map.kakao.com/12591803,굽네치킨 공릉2동점,굽네치킨,4.0,5
516,서울특별시 노원구 공릉동 110-0번지 공릉2지구6단지상가203호 ,귀빈,중국식,공릉동 귀빈,https://place.map.kakao.com/10220845,귀빈반점,중국요리,2.3,12
517,서울특별시 노원구 공릉동 110번지 공릉아파트 104호,소라,한식,공릉동 소라,https://place.map.kakao.com/401975918,소라분식 태릉본점,분식,2.4,9
518,서울특별시 노원구 공릉동 110 6단지 상가 B-1 ,딜리셔스 공릉점,기타 휴게음식점,공릉동 딜리셔스 공릉점,https://place.map.kakao.com/1569395463,딜리셔스 공릉점,한식,0,0
519,서울특별시 노원구 공릉동 111-0번지 화랑타운상가104호 ,깡통집,분식,공릉동 깡통집,https://place.map.kakao.com/16377100,깡통집,"육류,고기",4.3,3
520,서울특별시 노원구 공릉동 742 효성아파트 ,에브리,기타,공릉동 에브리,https://place.map.kakao.com/1998925097,에브리,샌드위치,0,0
521,서울특별시 노원구 공릉동 742번지 신내효성아파트 상가동 104호,진식탁,기타,공릉동 진식탁,https://place.map.kakao.com/1608075439,진식탁,한식,0,0
522,서울특별시 노원구 공릉동 113 밀레니엄타워 ,김가네김밥서울여대점,분식,공릉동 김가네김밥서울여대점,https://place.map.kakao.com/21237240,김가네 서울여대점,김가네,5.0,2
523,서울특별시 노원구 공릉동 113번지 밀레니엄타워 ,몽둥이부리또(서울여대점),기타,공릉동 몽둥이부리또(서울여대점),https://place.map.kakao.com/52465603,몽둥이부리또 서울여대점,"멕시칸,브라질",4.5,6
524,서울특별시 노원구 공릉동 113번지 밀레니엄타워 102호 ,애플민트,분식,공릉동 애플민트,https://place.map.kakao.com/13299291,애플민트,이탈리안,5.0,2
525,서울특별시 노원구 공릉동 113번지 밀레니엄타워 110호,타이인플레이트,외국음식전문점(인도태국등),공릉동 타이인플레이트,https://place.map.kakao.com/1148556862,타이인플레이트,태국음식,3.4,5
526,서울특별시 노원구 공릉동 113번지 밀레니엄타워 204호,금강산감자탕,한식,공릉동 금강산감자탕,https://place.map.kakao.com/358080210,금강산감자탕,감자탕,0,0
527,서울특별시 노원구 공릉동 107-138번지 203호,고씨네 서울여대점,한식,공릉동 고씨네 서울여대점,https://place.map.kakao.com/2093975828,고씨네 서울여대점,일식,3.4,8
528,서울특별시 노원구 공릉동 120-3,맷돌순두부,한식,공릉동 맷돌순두부,https://place.map.kakao.com/1827592100,돌깨마을맷돌순두부,두부전문점,3.6,5
529,서울특별시 노원구 공릉동 120-4번지 공릉동 진성빌딩 ,식당반층야,한식,공릉동 식당반층야,https://place.map.kakao.com/272700336,반층야,한식,3.2,6
530,서울특별시 노원구 공릉동 107-223 ,홀리몰리 베이글리,기타 휴게음식점,공릉동 홀리몰리 베이글리,https://place.map.kakao.com/981372161,홀리몰리베이글리,디저트카페,4.6,9
531,서울특별시 노원구 공릉동 126 서울여자대학교 106호,서울여대점 오니기리와이규동,일식,공릉동 서울여대점 오니기리와이규동,https://place.map.kakao.com/1125211838,오니기리와이규동 서울여대점,오니기리와이규동,0,0
532,서울특별시 노원구 공릉동 126번지 서울여자대학교 ,감탄 서울여대점,분식,공릉동 감탄 서울여대점,https://place.map.kakao.com/21876354,감탄떡볶이 서울여대점,감탄떡볶이,0,0
533,서울특별시 노원구 공릉동 126번지 ,에땅,일반조리판매,공릉동 에땅,https://place.map.kakao.com/16958992,에땅,식품,0,0
534,서울특별시 노원구 공릉동 126번지 ,퀴즈노스서브,기타 휴게음식점,공릉동 퀴즈노스서브,https://place.map.kakao.com/26308925,퀴즈노스서브 서울여대점,퀴즈노스서브,0,0
535,서울특별시 노원구 공릉동 27-19번지 ,잭팟,기타,공릉동 잭팟,https://place.map.kakao.com/110604231,오스테리아 잭팟,양식,3.5,10
536,서울특별시 노원구 공릉동 27-20번지 ,테르미니,경양식,공릉동 테르미니,https://place.map.kakao.com/26025273,테르미니,양식,3.1,16
537,서울특별시 노원구 공릉동 산 223-19번지 (화랑로 727) ,겨울동화,기타 휴게음식점,공릉동 겨울동화,https://place.map.kakao.com/1472799192,겨울동화,음식점,0,0
