id,rest_name,menu,price
0,BBQ 공릉스타점,자메이카 소떡만나치킨,24000
1,BBQ 공릉스타점,자메이카 소떡만나 콤보치킨,25500
2,BBQ 공릉스타점,크런치버터치킨,24000
3,BBQ 공릉스타점,황금올리브치킨 콤보,24000
4,BBQ 공릉스타점,황금올리브치킨,20000
5,본죽&비빔밥cafe 공릉원자력병원점,단호박죽,9500
6,본죽&비빔밥cafe 공릉원자력병원점,낙지김치죽,10000
7,본죽&비빔밥cafe 공릉원자력병원점,삼계죽,11000
8,본죽&비빔밥cafe 공릉원자력병원점,전복죽,12000
9,본죽&비빔밥cafe 공릉원자력병원점,쇠고기야채죽,10000
10,쿡앤쿡,야채김밥,2000
11,쿡앤쿡,치즈김밥,3000
12,쿡앤쿡,참치김밥,3500
13,쿡앤쿡,우동,4000
14,쿡앤쿡,일반라면,3000
15,피자꾼 공릉본점,도시갈비(R),20500
16,피자꾼 공릉본점,시골갈비피자(R),20500
17,피자꾼 공릉본점,시골갈비피자(L),23500
18,피자꾼 공릉본점,매운시골갈비(R),21000
19,피자꾼 공릉본점,매운시골갈비(L),24000
20,감탄떡볶이 공릉풍림점,감탄떡볶이,3500
21,감탄떡볶이 공릉풍림점,바삭튀김,4000
22,감탄떡볶이 공릉풍림점,찰순대,4000
23,감탄떡볶이 공릉풍림점,감탄우동,4000
24,감탄떡볶이 공릉풍림점,곡물핫도그,1500
25,처갓집양념치킨 공릉점,슈프림양념치킨,21000
26,처갓집양념치킨 공릉점,치즈슈프림 양념치킨,21000
27,처갓집양념치킨 공릉점,허니올리고당야채양념치킨,19000
28,처갓집양념치킨 공릉점,후라이드치킨,18000
29,처갓집양념치킨 공릉점,와락치킨,20000
30,원조강영숙봉평메밀촌 본점,물막국수,7000
31,원조강영숙봉평메밀촌 본점,비빔막국수,7000
32,원조강영숙봉평메밀촌 본점,회막국수,8500
33,원조강영숙봉평메밀촌 본점,한방수육,20000
34,원조강영숙봉평메밀촌 본점,메밀전,7000
35,공릉모소리,모소리한상,50000
36,공릉모소리,가오리살,13000
37,공릉모소리,모소리살,13000
38,공릉모소리,가로막살,13000
39,공릉모소리,구멍살,13000
40,여물소,깍두기볶음밥,2000
41,여물소,한우등심구이,30000
42,장수해물칼국수,만두전골,9000
43,장수해물칼국수,해물칼국수,8000
44,장수해물칼국수,안동칼국수,8000
45,장수해물칼국수,만둣국,8000
46,장수해물칼국수,떡만둣국,8000
47,원조멸치국수,멸치국수,4000
48,원조멸치국수,비빔국수,4500
49,원조멸치국수,왕만두,5500
50,원조멸치국수,떡라면,3500
51,원조멸치국수,비빔밥,5000
52,남대문황금족발 공릉점,황금족발 (중),25000
53,남대문황금족발 공릉점,미니족발 (2개),10000
54,남대문황금족발 공릉점,매운족발 (미니),15000
55,남대문황금족발 공릉점,쟁반막국수,9000
56,남대문황금족발 공릉점,족발 (대) &매운족발 (미니),40000
57,꿀삼겹,삼겹살+해물탕Set,15900
58,동창야채닭갈비 공릉점,닭갈비,11000
59,동창야채닭갈비 공릉점,동치미 막국수,6000
60,동창야채닭갈비 공릉점,비빔 막국수,6000
61,동창야채닭갈비 공릉점,치즈 볶음밥,3000
62,동창야채닭갈비 공릉점,날치알 볶음밥,3000
63,헬로베트남쌀국수 공릉점,소고기쌀국수 (보통),3900
64,헬로베트남쌀국수 공릉점,소고기쌀국수 (곱배기),4900
65,헬로베트남쌀국수 공릉점,라이스앤누들 (보통),3900
66,헬로베트남쌀국수 공릉점,라이스앤누들 (곱배기),4900
67,헬로베트남쌀국수 공릉점,짜조,3900
68,김밥천국 공릉점,야채김밥,2500
69,김밥천국 공릉점,피망김밥,3000
70,김밥천국 공릉점,소고기김밥,4000
71,김밥천국 공릉점,라면,3500
72,김밥천국 공릉점,된장찌개,6000
73,스마일닭발,국물닭발 (소),16000
74,스마일닭발,뼈닭발 (소),15000
75,스마일닭발,더건강한 후라이드치킨,15000
76,스마일닭발,더건강한 양념치킨,16000
77,스마일닭발,더건강한 반반치킨,16000
78,땡초집,불쭈꾸미,12000
79,땡초집,불쭈꾸미제육,12000
80,땡초집,불쭈꾸미차돌,14000
81,땡초집,매운갈비찜,23000
82,땡초집,쭈꾸미매운등갈비찜,14000
83,권서방네 순대국왕순대 공릉점,순대국,7000
84,권서방네 순대국왕순대 공릉점,뼈해장국,7000
85,권서방네 순대국왕순대 공릉점,코다리정식,8000
86,권서방네 순대국왕순대 공릉점,수육순대,28000
87,권서방네 순대국왕순대 공릉점,부추김치전,10000
88,생선까시,고등어구이,9000
89,생선까시,삼치구이,10000
90,생선까시,갈치구이,12000
91,생선까시,대구탕,9000
92,생선까시,아구탕,10000
93,뜨락,한식부페,7500
94,에이엔,디너 오마카세,70000
95,휴돈정,히레카츠,11500
96,휴돈정,치즈가츠,11500
97,휴돈정,모듬카츠,13500
98,휴돈정,냉모밀,7000
99,휴돈정,우동,6000
100,구라네쪽갈비,쪽갈비 (350g),14000
101,구라네쪽갈비,LA갈비 (200g),14000
102,하회정,만둣국 (특),9000
103,하회정,만둣국,7000
104,하회정,떡만둣국,7000
105,하회정,떡국,7000
106,하회정,사골칼국수 (특),7000
107,형제해장국,선지해장국,4000
108,형제해장국,카레밥,4000
109,형제해장국,돼지뼈해장국,4500
110,형제해장국,소뼈해장국,5000
111,형제해장국,양천엽해장국,5500
112,피자알볼로 공릉하계점,대새피자,25500
113,피자알볼로 공릉하계점,옥수수피자,21000
114,피자알볼로 공릉하계점,단호박피자,21000
115,피자알볼로 공릉하계점,쉬림프&핫치킨골드피자,27500
116,피자알볼로 공릉하계점,어깨피자,25500
117,대마에스시,특초밥 (12p),14900
118,대마에스시,초밥 (10p),10000
119,대마에스시,연어초밥 (10p),13900
120,대마에스시,연어캘리포니아롤 (10p),12000
121,대마에스시,연어덮밥,8900
122,이박사왕돈까스,왕 돈까스,11000
123,이박사왕돈까스,치즈돈까스,12000
124,이박사왕돈까스,생선까스,12000
125,이박사왕돈까스,함박스테이크,12000
126,이박사왕돈까스,매운돈까스,11000
127,춘보만두,만두국 (보),9000
128,춘보만두,만두국 (특),12000
129,춘보만두,떡만두국 (보),9000
130,춘보만두,떡만두국 (특),12000
131,춘보만두,칼만두국 (보),9000
132,고기반햄반김치찌개 김치찜 공릉점,김치찌개 세트,20000
133,고기반햄반김치찌개 김치찜 공릉점,김치찜 세트,23000
134,그릭앤샌드 욤욤,햄치즈샌드위치,6500
135,네네치킨 공릉역점,레드마블치킨 (뼈),20000
136,네네치킨 공릉역점,레드마블치킨 (순살),22000
137,네네치킨 공릉역점,레드마요치킨,19000
138,네네치킨 공릉역점,청양마요치킨,19000
139,네네치킨 공릉역점,스노윙치킨,19000
140,BBQ 공릉역점,자메이카 소떡만나치킨,24000
141,BBQ 공릉역점,자메이카 소떡만나 콤보치킨,25500
142,BBQ 공릉역점,크런치버터치킨,24000
143,BBQ 공릉역점,황금올리브치킨 콤보,24000
144,BBQ 공릉역점,황금올리브치킨,20000
145,동수네김밥,야채김밥,2500
146,동수네김밥,라면,2500
147,동수네김밥,떡볶이,3000
148,동수네김밥,돈까스,5500
149,동수네김밥,제육덮밥,5500
150,세광식당,생삼겹살(230g),12000
151,세광식당,김치찌개,6000
152,세광식당,냉면,5000
153,버거킹 공릉역점,몬스터와퍼 세트,11500
154,버거킹 공릉역점,콰트로치즈와퍼 세트,10900
155,버거킹 공릉역점,기네스콰트로치즈와퍼 세트,11500
156,버거킹 공릉역점,기네스와퍼 세트,11500
157,버거킹 공릉역점,통새우와퍼세트,10900
158,행복한아구해물동태찜탕,아구찜(소),35000
159,행복한아구해물동태찜탕,낙지찜(소),35000
160,행복한아구해물동태찜탕,대구뽈찜(소),35000
161,행복한아구해물동태찜탕,갈치조림,12000
162,행복한아구해물동태찜탕,해물칼국수,7000
163,시골보신탕삼계탕,보신탕 전골(1인분),21000
164,시골보신탕삼계탕,흑염소 전골(1인분),23000
165,시골보신탕삼계탕,보신탕 수육(1인분),23000
166,시골보신탕삼계탕,토종 한방 삼계탕,12000
167,시골보신탕삼계탕,시골 보신탕,12000
168,마린월드,대광어(소),53000
169,마린월드,대우럭(소),53000
170,마린월드,가라비회,12000
171,마린월드,가리비찜,20000
172,마린월드,모듬초밥,20000
173,추운돼지,삼겹살(150g),10000
174,추운돼지,된장찌개,5000
175,추운돼지,김치찌개,5000
176,추운돼지,청국장,5000
177,추운돼지,계란찜추가,2000
178,피자나라치킨공주 서울공릉점,고구마피자(L),16900
179,피자나라치킨공주 서울공릉점,골든치즈볼피자(L),17900
180,피자나라치킨공주 서울공릉점,더블포테이토피자(L),16900
181,피자나라치킨공주 서울공릉점,맵고마피치세트(L),23900
182,피자나라치킨공주 서울공릉점,순살화이트어니언피치세트(L),23900
183,82wa솥뚜껑김치삼겹살&특수부위,빨리와 세트,36000
184,82wa솥뚜껑김치삼겹살&특수부위,삼겹살 (200g),13000
185,82wa솥뚜껑김치삼겹살&특수부위,목살 (200g),13000
186,82wa솥뚜껑김치삼겹살&특수부위,가브리살 (200g),13000
187,82wa솥뚜껑김치삼겹살&특수부위,등심 (600g),43000
188,예촌손수제비,손칼국수,6000
189,예촌손수제비,손수제비,6000
190,예촌손수제비,얼큰손수제비,6500
191,예촌손수제비,김치손수제비,6500
192,예촌손수제비,들깨손수제비,8000
193,향토곱창,한우 곱창구이 (200g),22000
194,향토곱창,양구이 (200g),24000
195,향토곱창,모듬구이 (200g),20000
196,향토곱창,한우 막창구이 (200g),18000
197,향토곱창,대창구이 (200g),18000
198,1988옛날통닭,옛날통닭(한마리),7000
199,1988옛날통닭,양념통닭(한마리),9000
200,1988옛날통닭,똥집튀김,7500
201,1988옛날통닭,왕새우튀김(10미),12000
202,청정꼬막,별교꼬막무침 비빔밥,35000
203,청정꼬막,벌교간장 양념꼬막,35000
204,청정꼬막,벌교꼬막전,10000
205,청정꼬막,벌교꼬막초무침,35000
206,청정꼬막,꼬막비빔밥,8000
207,청담족발,족발(중),31000
208,청담족발,신(매운)족발(중),32000
209,청담족발,싱글족발,22000
210,청담족발,쟁반국수(소),6000
211,청담족발,부추전,7000
212,소문난멸치국수,수제비,6000
213,소문난멸치국수,김밥,3000
214,소문난멸치국수,멸치국수,4500
215,소문난멸치국수,비빔국수,5000
216,소문난멸치국수,고추장칼국수,5000
217,압구정찌개마을 공릉본점,돼지고기김치찌개 (소),13000
218,압구정찌개마을 공릉본점,명태찜 (소),23000
219,압구정찌개마을 공릉본점,내장탕 (소),13000
220,압구정찌개마을 공릉본점,동태탕 (소),13000
221,압구정찌개마을 공릉본점,동태탕&명태내장탕,20000
222,오케이삼겹살,국내산삼겹살(1인),9000
223,제일식당,부대찌개,7000
224,제일식당,햄구이,22000
225,장수멸치국수,장수제비,7000
226,장수멸치국수,멸치국수,4000
227,장수멸치국수,비빔국수,5000
228,장수멸치국수,칼국수,5000
229,장수멸치국수,육개장,6000
230,"굽네치킨 공릉1,3동점",남해마늘바사삭+콜라1.25L,21000
231,"굽네치킨 공릉1,3동점",리코타&브리 시카고 피자+콜라1.25L,21000
232,"굽네치킨 공릉1,3동점",오븐바사삭+티카마살라+콜라1.25L,21900
233,"굽네치킨 공릉1,3동점",오븐바사삭+치킨마크니+콜라1.25L,21900
234,"굽네치킨 공릉1,3동점",불금치킨+콜라1.25L,20000
235,유정집 공릉점,한우등심 (1인분),32000
236,유정집 공릉점,한우등심 (100g),18000
237,유정집 공릉점,한우안창살 (1인분),40000
238,유정집 공릉점,한우안창살 (100g),28000
239,유정집 공릉점,멸치국수,4000
240,땡큐불백,쫄갈비,13000
241,땡큐불백,피자주는 부대찌개,10000
242,땡큐불백,추억의 돈까스,10000
243,땡큐불백,땡큐불백,10000
244,서서방고깃집,서서방 삼겹살(180g),13000
245,서서방고깃집,정성묻은 천겹살(180g),13000
246,서서방고깃집,서서방 갈비살(180g),19000
247,서서방고깃집,멸치국수,5000
248,서서방고깃집,묵사발,7000
249,동강민물장어구이,장어정식,29000
250,동강민물장어구이,장어양념구이 (특대2마리),56000
251,동강민물장어구이,장어고추장구이 (특대2마리),56000
252,동강민물장어구이,장어소금구이 (특대2마리),56000
253,전주종가콩나물국밥 콩심 공릉역점,황태콩나물국밥,6000
254,전주종가콩나물국밥 콩심 공릉역점,김치전,8000
255,전주종가콩나물국밥 콩심 공릉역점,콩나물비빔밥,5000
256,전주종가콩나물국밥 콩심 공릉역점,돌솥비빔밥,5500
257,전주종가콩나물국밥 콩심 공릉역점,통오징어,10000
258,춘천중앙로숯불닭갈비,중앙로숯불닭갈비(1인분) 참맛,14000
259,춘천중앙로숯불닭갈비,중앙로숯불닭갈비(1인분) 고추장맛,14000
260,춘천중앙로숯불닭갈비,열무비빔쌈국수,8000
261,춘천중앙로숯불닭갈비,열무냉국수,8000
262,춘천중앙로숯불닭갈비,수라잔치국수,7000
263,공릉동멸치국수,칼수제비,5500
264,공릉동멸치국수,비빔국수,5500
265,공릉동멸치국수,멸치국수,4500
266,공릉동멸치국수,떡만두국,7000
267,공릉동멸치국수,김밥,3000
268,꽃중년푸줏간,맛있는 눈꽃소 (1.1kg),69000
269,꽃중년푸줏간,꽃소반마리 (600g),41000
270,꽃중년푸줏간,소한마리 (1.1kg),44000
271,꽃중년푸줏간,특소반마리 (600g),33000
272,꽃중년푸줏간,눈꽃살 (200g),26000
273,부자밥상,갈비탕,8000
274,부자밥상,사골곰탕,8000
275,부자밥상,청국장,6000
276,부자밥상,제육볶음,8000
277,부자밥상,뚝불고기,8000
278,뽕신 공릉동점,뽕신세트,26900
279,던킨 화랑대역점,올스타 도넛세트,15100
280,던킨 화랑대역점,버라이어티 10팩,17000
281,던킨 화랑대역점,내쉬빌핫치킨버거,5500
282,던킨 화랑대역점,해피 먼치킨컵 10EA,5000
283,던킨 화랑대역점,커피&도넛 트윈세트,17500
284,대박멸치국수,멸치국수,4000
285,대박멸치국수,비빔국수,4500
286,대박멸치국수,영양칼제비,5000
287,대박멸치국수,들깨옹심이,6000
288,대박멸치국수,영양비빔밥,6000
289,구름에달가듯이,특수부위 (150g),47000
290,구름에달가듯이,등심 (150g),36000
291,구름에달가듯이,새우꽃등심 (150g),39000
292,구름에달가듯이,안심 (150g),43000
293,구름에달가듯이,육사시미 (150g),38000
294,길동우동 공릉점,길동우동,4500
295,길동우동 공릉점,길동김밥 (한줄),3000
296,길동우동 공릉점,어묵우동,5500
297,길동우동 공릉점,잔치국수,5500
298,길동우동 공릉점,비빔밥,5500
299,수돈재 공릉점,감자탕 (대),27000
300,수돈재 공릉점,감자탕 (중),23000
301,수돈재 공릉점,감자탕 (소),19000
302,수돈재 공릉점,뼈해장국,6000
303,오늘손칼국수앤찜 공릉점,바지락 칼국수,7000
304,오늘손칼국수앤찜 공릉점,바지락 수제비,7000
305,오늘손칼국수앤찜 공릉점,바지락 낙지칼국수,15000
306,오늘손칼국수앤찜 공릉점,들깨 칼국수,8000
307,오늘손칼국수앤찜 공릉점,들깨 수제비,8000
308,7일간의양심,양 생갈비(250g),19000
309,7일간의양심,양 생등심(250g),20000
310,7일간의양심,양 갈비살(200g),17000
311,7일간의양심,양 늑간살(200g),14000
312,7일간의양심,강된장 비빔밥,5000
313,24시멸치국수,멸치국수,4000
314,24시멸치국수,비빔국수,5000
315,24시멸치국수,칼국수,5000
316,24시멸치국수,수제비,5000
317,24시멸치국수,칼제비,5000
318,심원,짜장,3500
319,심원,짬뽕,4000
320,심원,삼선볶음밥,7000
321,심원,탕수육(소),13000
322,심원,고추잡채(소),18000
323,청학골,소양념왕갈비 (350g),32000
324,청학골,한우등심 (180g),38000
325,청학골,소갈비살 (180g),26000
326,청학골,버섯불고기 (130g),11000
327,청학골,갈비탕,10000
328,남원추어탕,추어탕,8000
329,남원추어탕,갈비탕,8000
330,남원추어탕,묵은지 등갈비찜(소),28000
331,남원추어탕,암돼지 삼겹살(1인분),12000
332,남원추어탕,도가니 우족탕,11000
333,굴다리 전주콩나물국밥,콩나물국밥,6000
334,굴다리 전주콩나물국밥,콩나물황태국밥,7000
335,굴다리 전주콩나물국밥,콩나물굴국밥,8000
336,굴다리 전주콩나물국밥,콩나물비빔밥(간장양념),6000
337,굴다리 전주콩나물국밥,뚝배기비빔밥,7000
338,국수잔치,고추장 제육,7000
339,국수잔치,간장제육,7000
340,국수잔치,짜글이제육,7000
341,국수잔치,혼밥(제육+국수+공기밥=1인),11000
342,국수잔치,잔치국수,6000
343,517낙지&아구,낙지손수제비,8000
344,517낙지&아구,낙지볶음(소),26000
345,517낙지&아구,낙지전골(중),42000
346,517낙지&아구,아구찜(소),35000
347,517낙지&아구,해물찜(소),42000
348,교촌치킨 공릉3호점,허니콤,20000
349,교촌치킨 공릉3호점,오리지널,16000
350,원조공릉곱창,곱창구이 (1인분),22000
351,원조공릉곱창,양구이 (1인분),24000
352,원조공릉곱창,간+천엽 (한접시),10000
353,원조공릉곱창,김치볶음밥 (1인분),2000
354,새우꺾기,새우꺾기 소금구이 (중),24000
355,새우꺾기,밥도둑 간장새우,22000
356,새우꺾기,새우 와사비마요,16000
357,새우꺾기,새우 갈릭마요,16000
358,새우꺾기,나가사끼짬뽕탕,18000
359,공릉옥,설렁탕,7000
360,공릉옥,갈비탕,9000
361,공릉옥,도가니탕,13000
362,공릉옥,뚝불고기,7000
363,공릉옥,뚝라면,5000
364,광성반점,짜장면,5000
365,광성반점,간짜장,6000
366,광성반점,짬뽕,6000
367,광성반점,삼선짬뽕,8000
368,광성반점,탕수육,19000
369,뚜비뚜밥스,가츠돈,4500
370,뚜비뚜밥스,김치오므라이스,4500
371,뚜비뚜밥스,왕돈가스,6500
372,뚜비뚜밥스,소세지김치볶음 (S),3000
373,뚜비뚜밥스,튀김만두,2000
374,국민소곱창 공릉점,모듬 (220g),16900
375,국민소곱창 공릉점,소곱창 (200g),16900
376,국민소곱창 공릉점,소대창 (200g),15900
377,국민소곱창 공릉점,소막창 (200g),15900
378,북촌삼대갈비 공릉점,A코스무한리필,14500
379,북촌삼대갈비 공릉점,B코스무한리필,13500
380,북촌삼대갈비 공릉점,양념구이(250g),9000
381,북촌삼대갈비 공릉점,왕갈비(250g),10000
382,북촌삼대갈비 공릉점,닭갈비(250g),9000
383,멕시카나치킨 공릉점,후라이드치킨,17000
384,멕시카나치킨 공릉점,양념치킨,18000
385,멕시카나치킨 공릉점,반반치킨(후라이드+양념),18000
386,멕시카나치킨 공릉점,간장치킨,18000
387,멕시카나치킨 공릉점,땡초치킨,19000
388,바뱅이 공릉점,후라이드치킨,15000
389,바뱅이 공릉점,양념치킨,17000
390,바뱅이 공릉점,깐풍치킨,18000
391,바뱅이 공릉점,간장치킨,18000
392,바뱅이 공릉점,파치킨,18000
393,불타는생고기 공릉점,생소갈비살,13000
394,불타는생고기 공릉점,양념소갈비살,13000
395,불타는생고기 공릉점,안창살,13000
396,불타는생고기 공릉점,차돌박이,13000
397,불타는생고기 공릉점,삼겹살,9000
398,칠백집서울껍데기 공릉점,칠백껍데기 (160g),7000
399,칠백집서울껍데기 공릉점,칠백막고기 (160g),8000
400,칠백집서울껍데기 공릉점,항정껍데기 (160g),10000
401,칠백집서울껍데기 공릉점,생목살 (180g),12000
402,칠백집서울껍데기 공릉점,생삼겹살 (180g),12000
403,할매순대국,순대국,6000
404,할매순대국,뼈해장국,7000
405,할매순대국,황태해장국,6000
406,할매순대국,순대곱창전골 (소),20000
407,할매순대국,뼈다귀감자탕 (소),20000
408,히딩크의추억,얼큰등심순두부,8000
409,히딩크의추억,교동짬뽕순두부,10000
410,히딩크의추억,소곱창전골(중),50000
411,히딩크의추억,소곱창전골(대),55000
412,히딩크의추억,소곱창구이,22000
413,용경이네식당,동태찌개,9000
414,용경이네식당,부대찌개,8000
415,용경이네식당,갈치조림,12000
416,용경이네식당,오징어볶음,9000
417,용경이네식당,제육볶음,8000
418,롬브 노원,영국식 브리오슈 크림도넛,3700
419,롬브 노원,아메리카노,4500
420,씬머이,돼지양념구이 덮밥,7500
421,씬머이,볶음밥,7000
422,씬머이,소고기 쌀국수,7000
423,씬머이,후 티에우 남양,7000
424,씬머이,분 리에우,7000
425,롯데리아 공릉역점,불고기 4DX 버거,6500
426,롯데리아 공릉역점,한우불고기버거,8000
427,롯데리아 공릉역점,불고기버거,4500
428,롯데리아 공릉역점,사각새우더블버거,5300
429,롯데리아 공릉역점,1인혼닭세트,11600
430,한근숯불닭갈비,한근숯불닭갈비(반근),12000
431,한근숯불닭갈비,한근숯불닭발+계란찜(반근),12000
432,한근숯불닭갈비,얼큰닭개장,10000
433,한근숯불닭갈비,치즈감자전,8000
434,한근숯불닭갈비,쟁반잣막국수,6000
435,불사조,직화제육(대),15000
436,불사조,통낙지 직화제육(대),19000
437,백소정 공릉점,돈카츠,8900
438,백소정 공릉점,오로시카츠,9500
439,백소정 공릉점,치즈모듬카츠,11900
440,백소정 공릉점,마제소바,8500
441,백소정 공릉점,머쉬룸포크카레,8500
442,석천숯불갈비,이동갈비 (4대),24000
443,석천숯불갈비,소갈비살 (200g),15000
444,석천숯불갈비,한방돼지갈비 (300g),13000
445,석천숯불갈비,생삼겹살 (200g),12000
446,석천숯불갈비,영양갈비탕,7000
447,핏짜굽는언니 공릉점,언니 샐러드,14000
448,핏짜굽는언니 공릉점,마르게리따 핏짜,13000
449,핏짜굽는언니 공릉점,루꼴라 카나디안,19000
450,핏짜굽는언니 공릉점,뽀모도로,9500
451,핏짜굽는언니 공릉점,로제치킨 언니빵,20000
452,뭉탱이공릉숯불생고기,돼지모듬구이(1인분),15000
453,뭉탱이공릉숯불생고기,소모듬구이(1인분),21000
454,뭉탱이공릉숯불생고기,생삼겹살,15000
455,뭉탱이공릉숯불생고기,돼지고기 목살,15000
456,뭉탱이공릉숯불생고기,진갈비살(150g),25000
457,싹쓰리솥뚜껑김치삼겹살,생삼겹살 (1인분),14000
458,싹쓰리솥뚜껑김치삼겹살,목살 (1인분),14000
459,싹쓰리솥뚜껑김치삼겹살,항정살 (1인분),16000
460,싹쓰리솥뚜껑김치삼겹살,열무물냉면,5000
461,싹쓰리솥뚜껑김치삼겹살,열무비빔냉면,5000
462,싹쓰리솥뚜껑김치삼겹살,생삼겹살 (1인분),14000
463,싹쓰리솥뚜껑김치삼겹살,목살 (1인분),14000
464,싹쓰리솥뚜껑김치삼겹살,항정살 (1인분),16000
465,싹쓰리솥뚜껑김치삼겹살,열무물냉면,5000
466,싹쓰리솥뚜껑김치삼겹살,열무비빔냉면,5000
467,매일식당,소내장전골(중),15000
468,매일식당,닭도리탕(한마리),25000
469,매일식당,삼겹살(2인),22000
470,매일식당,동태찌개,7000
471,매일식당,돌솥비빔밥,6000
472,족발야시장 공릉점,반반족발,40000
473,족발야시장 공릉점,오리지널 족발 (소),31000
474,족발야시장 공릉점,직화 불족발 (중),35000
475,족발야시장 공릉점,보쌈 (소),31000
476,족발야시장 공릉점,족발보쌈세트 (중),45000
477,더줌,우삼겹(200g),10000
478,더줌,토시살(180g),14000
479,더줌,부채살(180g),14000
480,더줌,삼겹살(200g),8000
481,더줌,가브리살(200g),13000
482,소문난기사식당,순두부,6000
483,소문난기사식당,우렁된장찌개,6000
484,소문난기사식당,김치찌개,7000
485,소문난기사식당,조기매운탕,7000
486,소문난기사식당,닭도리탕,7000
487,마포생고기,한우모듬,85000
488,마포생고기,채끝등심,43000
489,마포생고기,업진살,39000
490,마포생고기,부채살,39000
491,마포생고기,제비추리,36000
492,북한강민물고기매운탕,메기매운탕(소),30000
493,북한강민물고기매운탕,잡고기매운탕(소),35000
494,북한강민물고기매운탕,잡고기튀김(중),20000
495,북한강민물고기매운탕,빠가사리매운탕(소),40000
496,북한강민물고기매운탕,쏘가리매운탕(소),90000
497,싱싱오징어바다 과기대점,스페셜 세트,38000
498,싱싱오징어바다 과기대점,스페셜 세트 (대),50000
499,싱싱오징어바다 과기대점,오징어 모듬세트,30000
500,싱싱오징어바다 과기대점,가리비회,15000
501,싱싱오징어바다 과기대점,개불,15000
502,아이엠돈까스,피자 셋트,25000
503,아이엠돈까스,팟타이 셋트,32000
504,아이엠돈까스,패밀리 셋트,33000
505,아이엠돈까스,추억의피자셋트,29000
506,아이엠돈까스,추억의커플셋트,35000
507,중국집,짜장면,5000
508,중국집,짬뽕,6000
509,중국집,볶음밥,6500
510,중국집,짜장밥,6500
511,중국집,탕수육 (소),15000
512,전봇대연탄불막창구이,소막창,16000
513,전봇대연탄불막창구이,양념막창구이,14000
514,전봇대연탄불막창구이,무뼈닭발,13000
515,전봇대연탄불막창구이,오돌뼈,13000
516,전봇대연탄불막창구이,야채곱창,11000
517,김용희참치,탕정식(1인분),15000
518,김용희참치,참치회정식(1인분),17000
519,김용희참치,참치초밥(1인분),15000
520,김용희참치,아가미구이정식(1인분),15000
521,김용희참치,대구탕(1인분),10000
522,모녀바지락칼국수,바지락 칼국수,8000
523,모녀바지락칼국수,들깨 칼국수,9000
524,모녀바지락칼국수,녹두반계탕,10000
525,모녀바지락칼국수,매운바지락 칼국수,8000
526,모녀바지락칼국수,팥칼국수,9000
527,곰실집,김치 돼지찌개,7000
528,곰실집,고등어 자반구이,7000
529,곰실집,생삼겹살(200g),13000
530,곰실집,생목살(200g),13000
531,곰실집,생항정살(200g),16000
532,BBQ 태능입구역점,자메이카 소떡만나치킨,24000
533,BBQ 태능입구역점,자메이카 소떡만나 콤보치킨,25500
534,BBQ 태능입구역점,크런치버터치킨,24000
535,BBQ 태능입구역점,황금올리브치킨 콤보,24000
536,BBQ 태능입구역점,황금올리브치킨,20000
537,공릉우동집,김밥,3000
538,공릉우동집,짜장,4500
539,공릉우동집,우동,4500
540,공릉우동집,쫄면,5000
541,공릉우동집,비빔국수,5000
542,도리연닭도리탕 공릉점,닭도리탕 (대),31000
543,도리연닭도리탕 공릉점,닭도리탕 (한마리),21000
544,공도,등심 스테이크 덮밥+파스타+더치 커피 1잔,22000
545,공도,항정 스테이크 덮밥+파스타+더치 커피 1잔,21000
546,공도,연어 스테이크 덮밥+파스타+더치 커피 1잔,25000
547,뜸들이다 공릉점,도란도란,6900
548,뜸들이다 공릉점,삼겹살카레,6400
549,뜸들이다 공릉점,어깨살간장덮밥,6400
550,뜸들이다 공릉점,마라덮밥,6900
551,서울감자탕,감자탕(소),24000
552,서울감자탕,감자탕(중),30000
553,서울감자탕,묵은지감자탕(소),28000
554,서울감자탕,뼈해장국,7000
555,서울감자탕,우거지국밥,6000
556,개기일식,새우 야채 텐동 (튀김 덮밥),8000
557,개기일식,아부리 연어 덮밥,10000
558,개기일식,개기일식 초밥 10p,15000
559,개기일식,카가와 우동,9000
560,개기일식,참치뱃살회,29000
561,원조이모네연탄불곱창,소금구이 (1인분),18000
562,쌍둥이가원양꼬치,양꼬치 (양념),12000
563,쌍둥이가원양꼬치,양꼬치 (일반),12000
564,쌍둥이가원양꼬치,양갈비살꼬치,15000
565,쌍둥이가원양꼬치,소갈비살꼬치,15000
566,쌍둥이가원양꼬치,삼겹살꼬치,10000
567,본죽&비빔밥cafe 공릉원자력병원점,단호박죽,9500
568,본죽&비빔밥cafe 공릉원자력병원점,낙지김치죽,10000
569,본죽&비빔밥cafe 공릉원자력병원점,삼계죽,11000
570,본죽&비빔밥cafe 공릉원자력병원점,전복죽,12000
571,본죽&비빔밥cafe 공릉원자력병원점,쇠고기야채죽,10000
572,가마솥왕족발,족발(중),25000
573,가마솥왕족발,미니족,5000
574,가마솥왕족발,편육,8000
575,가마솥왕족발,껍데기,5000
576,소담한,소담한 우삼겹 한판(100g),3500
577,소담한,소담한 대패 한판(100g),2900
578,소담한,소담한 간장대패(100g),3500
579,소담한,소담한 고추장대패(100g),3500
580,소담한,소담냉면,6000
581,떡참 노원공릉점,꾸덕로제떡볶이,9800
582,떡참 노원공릉점,찐짜장떡볶이,9500
583,떡참 노원공릉점,직화로제맵닭발,18500
584,교촌치킨 공릉2호점,교촌허니순살[R],21000
585,교촌치킨 공릉2호점,교촌라이스,20000
586,교촌치킨 공릉2호점,교촌오리지날,16000
587,교촌치킨 공릉2호점,교촌콤보,19000
588,교촌치킨 공릉2호점,교촌윙,19000
589,마인하우스,치즈 닭 데리야끼,5500
590,마인하우스,치즈 돼지 데리야끼,6000
591,마인하우스,닭 데리야끼,5000
592,마인하우스,돼지 데리야끼,5500
593,마인하우스,오리 데리야끼 (반마리),16000
594,온달네,설렁탕,9000
595,온달네,물만두,4000
596,온달네,평강보쌈 (320g),28000
597,온달네,온달보쌈 (420g),34000
598,온달네,바지락칼국수,9000
599,쉐프의그릴,호주산 와규 (180g),23000
600,쉐프의그릴,스페인 이베리코 모둠 (400g),29000
601,쉐프의그릴,돌판 찹스테이크,25000
602,쉐프의그릴,뚝배기 해물순두부,20000
603,쉐프의그릴,소스 찹스테이크 정식 (2인이상주문),7000
604,수제간장치킨깨비닭,깨비닭순살(컵),3000
605,수제간장치킨깨비닭,깨비닭순살(중),7000
606,수제간장치킨깨비닭,깨비닭봉(13개),10000
607,수제간장치킨깨비닭,깨비닭윙(14개),10000
608,수제간장치킨깨비닭,치킨밥,5000
609,본참치 태릉직영점,실장,38000
610,본참치 태릉직영점,실장스페셜,50000
611,본참치 태릉직영점,본스페셜,70000
612,본참치 태릉직영점,혼마구로,100000
613,본참치 태릉직영점,혼마정식,30000
614,에그머니,와사비 오믈렛,8000
615,에그머니,갈릭 오믈렛,9000
616,에그머니,명란 오믈렛,9000
617,에그머니,치즈 함박 스테이크(180g),13000
618,에그머니,와규 스테이크(200g),28000
619,춘천닭갈비 서울과기대점,춘천닭갈비(1인분),12000
620,춘천닭갈비 서울과기대점,약간매닭갈비(1인분),12000
621,춘천닭갈비 서울과기대점,매운닭갈비(1인분),12000
622,홍성아줌마 추어탕순대국,추어탕,8000
623,홍성아줌마 추어탕순대국,추어튀김,15000
624,홍성아줌마 추어탕순대국,냉면,6000
625,홍성아줌마 추어탕순대국,불고기백반,8000
626,홍성아줌마 추어탕순대국,대구탕,10000
627,비스트로 무크,야끼니꾸,25000
628,비스트로 무크,모듬사시미,35000
629,비스트로 무크,시메사바,18000
630,비스트로 무크,통문어가라아게,24000
631,반올림피자샵 서울하계공릉점,포텐피자,23900
632,고윤김밥,고윤김밥,3000
633,고윤김밥,치즈김밥,3500
634,고윤김밥,계란말이김밥,4500
635,고윤김밥,라면,4000
636,고윤김밥,돈까스,7000
637,샹츠마라,샹츠마라샹궈(1인),15000
638,샹츠마라,샹츠소고기마라탕,8000
639,샹츠마라,미니 꿔바로우,10000
640,샹츠마라,볶음밥,6000
641,샹츠마라,양고기마라탕,11000
642,밥은화,스팸마요,4500
643,밥은화,참치마요,4500
644,밥은화,치킨마요,5500
645,밥은화,숙주라면,4000
646,밥은화,치킨까스,2000
647,닭사랑,능이오리닭백숙,60000
648,닭사랑,닭반마리,10000
649,닭사랑,닭불고기 (2인분 이상),6000
650,닭사랑,닭곰탕,6000
651,닭사랑,닭계장,6000
652,명문대,고추명태조림,9500
653,명문대,명문대스페셜모듬조림,65000
654,명문대,양구시래기명태조림(소),30000
655,명문대,아구찜(소),28000
656,명문대,왕해물찜(소),42000
657,만두장성,냉동고기만두(20개),10000
658,만두장성,냉동김치만두(20개),10000
659,만두장성,냉동군만두(10개),4000
660,BHC치킨 공릉역점,뿌링클,17000
661,장터솥단지삼겹살,한돈 삼겹살200g,12000
662,장터솥단지삼겹살,돼지불고기,6000
663,장터솥단지삼겹살,수입 삼겹살200g,8000
664,장터솥단지삼겹살,차돌박이200g,14000
665,장터솥단지삼겹살,부대찌개(3~4인),22000
666,디에트로,버섯 라구 뇨끼,22000
667,굿피자파스타,알리오올리오,7900
668,굿피자파스타,봉골레 스파게티,8900
669,굿피자파스타,마늘 새우오일 스파게티,12900
670,굿피자파스타,버섯크림 스파게티,10900
671,깨비순살닭강정,달콤치킨밥,6000
672,깨비순살닭강정,매콤치킨밥,6000
673,깨비순살닭강정,깨비닭 순살 (대),13000
674,깨비순살닭강정,깨비닭 순살 (중),7000
675,깨비순살닭강정,깨비닭 순살 (컵),3000
676,서울마님죽 공릉동점,호박죽(소),3500
677,서울마님죽 공릉동점,호박죽(대),5500
678,서울마님죽 공릉동점,동지팥죽(소),3500
679,서울마님죽 공릉동점,동지팥죽(대),5500
680,서울마님죽 공릉동점,참전복죽(소),5000
681,지동 공릉2호점,치즈닭갈비,14000
682,고소미부엌 태릉입구역점,고소미 면,7800
683,고소미부엌 태릉입구역점,버터갈릭감자튀김,5500
684,고소미부엌 태릉입구역점,시그니처쫄면,9800
685,고소미부엌 태릉입구역점,스위트포테이토,6000
686,고소미부엌 태릉입구역점,고소미 떡볶이(M-L),12900
687,수카츠,로스카츠정식,9500
688,수카츠,히레카츠정식,10000
689,수카츠,치킨카츠정식,8500
690,수카츠,치즈카츠정식,10000
691,울림초밥,모듬회덮밥,9000
692,울림초밥,울림초밥(10pcs),11000
693,울림초밥,스페셜초밥(12pcs),14000
694,울림초밥,특선초밥(13pcs),18000
695,울림초밥,VIP 초밥,25000
696,돔펠리체 (휴업중),알리오 올리오,7900
697,돔펠리체 (휴업중),까르보나라,7900
698,돔펠리체 (휴업중),스테이크 로제파스타,11900
699,돔펠리체 (휴업중),뽀모도로,7900
700,돔펠리체 (휴업중),오븐그라탕,9000
701,르번미 태릉점,퍼보,9900
702,르번미 태릉점,분레,10900
703,르번미 태릉점,탄탄비엣,10900
704,르번미 태릉점,콤가,9900
705,르번미 태릉점,분짜,12900
706,이가참치,선 (1인),35000
707,이가참치,미 (1인),50000
708,이가참치,실장 스페셜 (1인),70000
709,이가참치,특 초밥 (점심메뉴),20000
710,엄마마음점심한끼,그릭요거트 100g,2500
711,엄마마음점심한끼,그릭요거트 200g,4900
712,이삭토스트 태릉입구역점,미트팡 토스트,4800
713,이삭토스트 태릉입구역점,콘치즈 토스트,4400
714,이삭토스트 태릉입구역점,그릴드 불갈비,4700
715,이삭토스트 태릉입구역점,그릴드 불고기,4300
716,이삭토스트 태릉입구역점,허니갈릭 햄치즈,3700
717,멍텅구리즉석떡볶이 공릉점,MT 스페셜 (2~3인분),15000
718,멍텅구리즉석떡볶이 공릉점,MT 기본 떡볶이,10000
719,홍가부대찌개,의정부 부대찌개 (대),27000
720,홍가부대찌개,의정부 부대찌개 (중),20000
721,홍가부대찌개,의정부 부대찌개 (소),14000
722,바른치킨 공릉점,현미바사삭,16900
723,바른치킨 공릉점,양념치킨,17900
724,바른치킨 공릉점,간장윙봉,18900
725,바른치킨 공릉점,통곡물 간장치킨,18900
726,바른치킨 공릉점,대새레드,22900
727,이태리철판 서울과학기술대학교점,해물볶음밥,4900
728,이태리철판 서울과학기술대학교점,불해물볶음밥,5900
729,이태리철판 서울과학기술대학교점,불삼겹볶음밥,6900
730,이태리철판 서울과학기술대학교점,불치즈볶음밥,6900
731,이태리철판 서울과학기술대학교점,김치볶음밥,5900
732,청교옥,물냉면,8000
733,청교옥,비빔냉면,8000
734,청교옥,열무 물냉면,9000
735,청교옥,열무 비빔냉면,9000
736,청교옥,왕만두 (4개),6000
737,사나이뚝배기 서울과기대점,된장뚝배기,5300
738,사나이뚝배기 서울과기대점,우렁된장뚝배기,6300
739,사나이뚝배기 서울과기대점,우삼겹된장뚝배기,6300
740,사나이뚝배기 서울과기대점,참치김치뚝배기,5800
741,사나이뚝배기 서울과기대점,참치짜글이,5800
742,나보나,알리오 올리오 파스타,10000
743,나보나,까르보나라 파스타,13000
744,나보나,리코타 치즈 샐러드,10000
745,나보나,부채살 스테이크(220g),26000
746,나보나,만조 피칸테,14000
747,산들바다,곤드레 솥밥 보쌈정식 (1인),19000
748,산들바다,간장게장 정식 (1인),25000
749,산들바다,보리굴비정식 (1인),30000
750,산들바다,소갈비찜 (소),30000
751,산들바다,갈비살 카프레제,20000
752,참만나,대패 쌈밥 정식 (1인),10000
753,참만나,차돌 쌈밥 정식 (1인),13000
754,참만나,상추쌈 샤브샤브 (1인),13000
755,참만나,한우육회,30000
756,참만나,양념꽃게무침,10000
757,아소코 공릉점,하와이안롤카츠,13000
758,아소코 공릉점,냉우동세트,11000
759,아소코 공릉점,연어덮밥,13000
760,아소코 공릉점,항정살덮밥,9000
761,아소코 공릉점,라임냉우동,9000
762,달토끼의떡볶이흡입구역 공릉점,국물떡볶이(하프),8000
763,달토끼의떡볶이흡입구역 공릉점,오뎅볶이(하프),8000
764,달토끼의떡볶이흡입구역 공릉점,투움바떡볶이,16000
765,달토끼의떡볶이흡입구역 공릉점,우삼겹떡볶이,17000
766,달토끼의떡볶이흡입구역 공릉점,사천짜장떡볶이(하프),8000
767,세겹먹는날,세겹삼겹살(180g),9900
768,세겹먹는날,벌집삼겹살(180g),9900
769,세겹먹는날,소차돌박이(180g),15000
770,세겹먹는날,소갈비살(180g),17000
771,김치만선생,김치닭매운탕(2~3인),15000
772,김치만선생,찌개반(1인),7000
773,김치만선생,해물부추전,6000
774,김치만선생,김치전,6000
775,숲속왕돈까스,왕돈까스,6500
776,숲속왕돈까스,생선까스,7000
777,숲속왕돈까스,떡갈비스테이크,7000
778,숲속왕돈까스,육개장,6000
779,숲속왕돈까스,새우우동,6000
780,추운돼지삼겹살 공릉점,삼겹살 (150g),10000
781,추운돼지삼겹살 공릉점,된장찌개,6000
782,추운돼지삼겹살 공릉점,김치찌개,6000
783,추운돼지삼겹살 공릉점,청국장,6000
784,추운돼지삼겹살 공릉점,옛날도시락,4000
785,공덕관,짜장면,4000
786,공덕관,짬뽕,5000
787,공덕관,볶음밥,5500
788,공덕관,미니탕수육,9000
789,공덕관,양장피(소),20000
790,60계 서울공릉점,육육치킨,19900
791,60계 서울공릉점,육육순살,20900
792,60계 서울공릉점, 호랑이콤보,21500
793,60계 서울공릉점,고추윙봉,21500
794,60계 서울공릉점,간지순살,20900
795,요거프레소 공릉2호점,메리딸기,6500
796,요거프레소 공릉2호점,요프치노,4500
797,요거프레소 공릉2호점,순수딸기우유,4000
798,요거프레소 공릉2호점,순수딸기바나나우유,4000
799,요거프레소 공릉2호점,순수망고바나나우유,4000
800,한솥도시락 서울과학기술대앞점,매화(순살고등어간장구이),10000
801,한솥도시락 서울과학기술대앞점,진달래,7500
802,한솥도시락 서울과학기술대앞점,새치고기고기,6200
803,한솥도시락 서울과학기술대앞점,돈치고기고기,5800
804,한솥도시락 서울과학기술대앞점,동백,5800
805,일상다반,가츠동,11000
806,일상다반,간장새우장,10000
807,일상다반,치킨가라아게 정식,12000
808,일상다반,에비동,11000
809,일상다반,튀김우동,9000
810,호치킨 공릉점,치슐랭,18900
811,호치킨 공릉점,간장치킨,16900
812,호치킨 공릉점,로스트치킨,14900
813,호치킨 공릉점,반반치킨,16900
814,호치킨 공릉점,양념치킨,16900
815,동대문엽기떡볶이 공릉점,A SET,17000
816,동대문엽기떡볶이 공릉점,B SET,19000
817,동대문엽기떡볶이 공릉점,C SET,21000
818,동대문엽기떡볶이 공릉점,Family SET,28000
819,동대문엽기떡볶이 공릉점,엽기닭발 SET,16000
820,더진국 공릉점,수육국밥,9000
821,더진국 공릉점,순대국밥,9000
822,더진국 공릉점,얼큰국밥,9000
823,더진국 공릉점,순두부국밥,9000
824,더진국 공릉점,옛날전통순댓국,10000
825,네코정,텐동,9500
826,네코정,사케동,9500
827,네코정,규동,7500
828,네코정,연어미니 사시미,4500
829,네코정,스테이크동,9500
830,내가찜한닭 과기대점,순살불찜닭 (소),21000
831,내가찜한닭 과기대점,순살안동찜닭 (소),18000
832,내가찜한닭 과기대점,안동찜닭 (소),18000
833,내가찜한닭 과기대점,매콤순살고추장찜닭 (소),18000
834,내가찜한닭 과기대점,매콤고추장찜닭 (소),18000
835,오븐에빠진닭 공릉점,HOT 크리스피 베이크,16900
836,오븐에빠진닭 공릉점,HOT 크리스피 베이크 순살/날개,17900
837,오븐에빠진닭 공릉점,갈릭 크리스피 베이크,16900
838,오븐에빠진닭 공릉점,갈릭 크리스피 베이크 순살/날개,17900
839,오븐에빠진닭 공릉점,꼴까닭,16900
840,소문날라,감자탕(소),18000
841,소문날라,뼈해장국,7000
842,소문날라,생삼겹살,12000
843,소문날라,부대찌개,6000
844,소문날라,된장찌개,5000
845,크앙분식 과기대점,마요미니덮밥,4900
846,크앙분식 과기대점,크앙ㅡ라떡,4500
847,크앙분식 과기대점,매콤크림파스타볶이,8500
848,크앙분식 과기대점,꼬치어묵우동,7000
849,크앙분식 과기대점,리얼불닭볶음면,6500
850,맛보면못참치,스페셜 참치회 모듬,55000
851,맛보면못참치,참다랑어 뱃살 모듬(최고급 안주),75000
852,맛보면못참치,참치회 모듬,40000
853,맛보면못참치,스페셜 혼술참치,35000
854,맛보면못참치,혼술참치,25000
855,주니숯불꼬치,파닭꼬치,3000
856,주니숯불꼬치,삼겹살꼬치,3000
857,주니숯불꼬치,똥집꼬치,1500
858,주니숯불꼬치,소세지,2000
859,주니숯불꼬치,새송이버섯꼬치,2000
860,봉구스밥버거 서울과기대점,해봉이밥버거,4200
861,봉구스밥버거 서울과기대점,에햄밥버거,3800
862,봉구스밥버거 서울과기대점,닭갈비밥버거,3500
863,봉구스밥버거 서울과기대점,마요떡갈비밥버거,4000
864,봉구스밥버거 서울과기대점,바삭멸치밥버거,4000
865,루이스버거 공릉점,클래식 치즈버거,3900
866,루이스버거 공릉점,오리지널 버거,6900
867,루이스버거 공릉점,루이스 버거,7900
868,루이스버거 공릉점,베이컨치즈 버거,7900
869,루이스버거 공릉점,아보카도 버거,9500
870,화덕피자주는 부대찌개 공릉점,부개찌개 (중),16000
871,화덕피자주는 부대찌개 공릉점,떡볶이 (중),16000
872,화덕피자주는 부대찌개 공릉점,돈가스,7000
873,화덕피자주는 부대찌개 공릉점,순살치킨 (소),4900
874,화덕피자주는 부대찌개 공릉점,고르곤졸라피자,7000
875,아리랑핫도그 과학기술대점,아리랑 핫도그,1000
876,아리랑핫도그 과학기술대점,더킹 핫도그,1800
877,아리랑핫도그 과학기술대점,체다치즈 핫도그,1800
878,아리랑핫도그 과학기술대점,감자 핫도그,1800
879,아리랑핫도그 과학기술대점,모짜렐라 치즈,1800
880,배떡 공릉점,로제떡볶이(1~2인),9000
881,배떡 공릉점,국물떡볶이(1~2인),5000
882,배떡 공릉점,짜장떡볶이(1~2인),5000
883,배떡 공릉점,분모자떡볶이(1~2인),9000
884,배떡 공릉점,분모자떡볶이(3~4인),17000
885,홍콩반점0410 태릉입구역점,군만두,5500
886,홍콩반점0410 태릉입구역점,쟁반짜장,13000
887,홍콩반점0410 태릉입구역점,짜장면,5000
888,홍콩반점0410 태릉입구역점,짬뽕,6000
889,홍콩반점0410 태릉입구역점,탕수육,13000
890,소문난순대족발,족발(대),20000
891,소문난순대족발,순대국밥,6000
892,소문난순대족발,오소리감투,10000
893,소문난순대족발,모듬안주,15000
894,소문난순대족발,찰순대,5000
895,장미삼계탕 태릉본점,장미삼계탕,13000
896,장미삼계탕 태릉본점,한방삼계탕,14000
897,장미삼계탕 태릉본점,옻삼계탕,16000
898,장미삼계탕 태릉본점,능이삼계탕,16000
899,장미삼계탕 태릉본점,추어탕,8000
900,이츠초밥,오늘의 초밥(12p),15000
901,이츠초밥,특선초밥(12p),19000
902,이츠초밥,스페셜초밥(13p),25000
903,이츠초밥,점심 모듬 초밥(10p),10000
904,이츠초밥,광어초밥(10p),17000
905,오름제주고기 본점,흑돼지 커플 세트 (550g),49000
906,오름제주고기 본점,제주 흑오겹살 (200g),18000
907,오름제주고기 본점,제주 흑삼겹살 (200g),19000
908,오름제주고기 본점,제주 흑목살 (200g),19000
909,오름제주고기 본점,제주 생갈매기살 (180g),14000
910,우리할매떡볶이 가재울점,밀떡볶이,4500
911,우리할매떡볶이 가재울점,가래떡떡볶이,4500
912,우리할매떡볶이 가재울점,옛날짜장떡볶이,4500
913,우리할매떡볶이 가재울점,로제떡볶이,5500
914,우리할매떡볶이 가재울점,순대,4500
915,로지스시 공릉점,참치절임,3500
916,로지스시 공릉점,방어,3500
917,로지스시 공릉점,연어,3500
918,로지스시 공릉점,숭어,2800
919,로지스시 공릉점,모듬초밥,17000
920,피자스쿨 공릉점,고구마피자,10900
921,피자스쿨 공릉점,까르보네피자,12900
922,피자스쿨 공릉점,깐쇼새우피자,14900
923,피자스쿨 공릉점,나폴리피자,12900
924,피자스쿨 공릉점,닭안심살피자,14900
925,제일콩집,손두부,10000
926,제일콩집,청국장,9000
927,제일콩집,콩탕 (비지),9000
928,제일콩집,두부찌개,9000
929,제일콩집,순두부,9000
930,플렉스버거,치즈버거(싱글),4900
931,플렉스버거,치즈버거(더블),6900
932,플렉스버거,플렉스버거(싱글),6900
933,플렉스버거,와이키키버거(싱글),8300
934,플렉스버거,와이키키버거(더블),10300
935,국민소곱창 공릉점,모듬 (220g),16900
936,국민소곱창 공릉점,소곱창 (200g),16900
937,국민소곱창 공릉점,소대창 (200g),15900
938,국민소곱창 공릉점,소막창 (200g),15900
939,팬시버거클럽,치즈버거,6300
940,팬시버거클럽,Fbc버거,7800
941,팬시버거클럽,트러플치아바타버거,8500
942,팬시버거클럽,하와이안버거,8900
943,장수해물칼국수,만두전골,9000
944,장수해물칼국수,해물칼국수,8000
945,장수해물칼국수,안동칼국수,8000
946,장수해물칼국수,만둣국,8000
947,장수해물칼국수,떡만둣국,8000
948,BHC치킨 태릉입구점,뿌링클,17000
949,와우곱창,막창 야채볶음,10000
950,와우곱창,돼지 야채곱창,9000
951,와우곱창,수구레 볶음,13000
952,와우곱창,곱창전골(소),25000
953,육공판 공릉점,한우육회(150g),9900
954,육공판 공릉점,왕돼지갈비(300g),6900
955,육공판 공릉점,대패삼겹살(150g),4900
956,육공판 공릉점,소막창(150g),9900
957,육공판 공릉점,숯불쭈꾸미(250g),9900
958,웰빙왕십리곱창,막창소금구이(1인분),11000
959,웰빙왕십리곱창,막창양념구이(1인분),12000
960,웰빙왕십리곱창,야채곱창(1인분),9000
961,쪼매매운떡볶이 공릉점,떡볶이,3000
962,쪼매매운떡볶이 공릉점,치즈떡볶이,3500
963,쪼매매운떡볶이 공릉점,순대,3000
964,쪼매매운떡볶이 공릉점,쪼매김밥,1500
965,쪼매매운떡볶이 공릉점,라면,2500
966,라화방마라탕,마라탕(100g),1500
967,라화방마라탕,마라샹궈(100g),3000
968,라화방마라탕,꿔바로우,12000
969,예고집황태칼국수왕돈까스,황태칼국수,8000
970,예고집황태칼국수왕돈까스,왕돈가스,9000
971,예고집황태칼국수왕돈까스,치즈돈가스,9000
972,예고집황태칼국수왕돈까스,등심돈가스,8000
973,열화철판,철판 막창구이 (1인분),11900
974,열화철판,콩불 (1인분),6000
975,열화철판,곱창전골 (3~4인분),19900
976,열화철판,"철판 곱,순,통 볶음 (3인분)",26900
977,열화철판,철판 족발 볶음 (2인분),19900
978,암사골숯불닭갈비,간장닭갈비,12000
979,암사골숯불닭갈비,양념닭갈비,12000
980,암사골숯불닭갈비,무뼈닭발,15000
981,암사골숯불닭갈비,국물닭발,17000
982,암사골숯불닭갈비,비빔막국수,6000
983,장자방,탕수육 (13조각),10500
984,장자방,짜장면,7000
985,장자방,깐풍기,11500
986,장자방,짬뽕밥,9000
987,장자방,백짬뽕,9000
988,공릉동 최고집순대국,순대국밥,7000
989,공릉동 최고집순대국,순대국밥 (특),8000
990,공릉동 최고집순대국,돼지국밥,6000
991,공릉동 최고집순대국,돼지국밥 (특),7000
992,공릉동 최고집순대국,장터국밥,7000
993,오봉집 공릉점,오봉스페셜,49000
994,오봉집 공릉점,매생이연포보쌈,49000
995,오봉집 공릉점,매생이연포탕,26000
996,오봉집 공릉점,오봉보쌈,29000
997,오봉집 공릉점,직화낙지볶음,12000
998,태릉풍천장어,세트메뉴 (중),64000
999,태릉풍천장어,장어 (대),64000
1000,태릉풍천장어,장어 (중),54000
1001,태릉풍천장어,장어정식 (1마리) (점심특선),28000
1002,태릉풍천장어,우거지장삼탕 (점심특선),10000
1003,더진국 공릉점,수육국밥,9000
1004,더진국 공릉점,순대국밥,9000
1005,더진국 공릉점,얼큰국밥,9000
1006,더진국 공릉점,순두부국밥,9000
1007,더진국 공릉점,옛날전통순댓국,10000
1008,오닭꼬치 공릉점,파닭꼬치,2500
1009,오닭꼬치 공릉점,떡닭꼬치,2500
1010,오닭꼬치 공릉점,삼겹살꼬치,3500
1011,오닭꼬치 공릉점,오!닭스페셜,25000
1012,오닭꼬치 공릉점,오!닭세트,17000
1013,불타는생고기 공릉점,생소갈비살,13000
1014,불타는생고기 공릉점,양념소갈비살,13000
1015,불타는생고기 공릉점,안창살,13000
1016,불타는생고기 공릉점,차돌박이,13000
1017,불타는생고기 공릉점,삼겹살,9000
1018,태릉양꼬치양갈비,고급양갈비(300g),23000
1019,태릉양꼬치양갈비,원조양꼬치,12000
1020,태릉양꼬치양갈비,양갈비살꼬치,14000
1021,태릉양꼬치양갈비,찹쌀탕수육,12000
1022,태릉양꼬치양갈비,토마토계란탕,10000
1023,롤리드펌킨,브라운치즈와아이스크림,13000
1024,롤리드펌킨,마라크림 파스타,17000
1025,파파존스 공릉점,햄 머쉬룸 식스 치즈,28500
1026,파파존스 공릉점,더블 체다치즈 버거,30500
1027,파파존스 공릉점,수퍼 파파스,28500
1028,파파존스 공릉점,아이리쉬 포테이토,27500
1029,파파존스 공릉점,존스 페이버릿,29500
1030,대박소갈비살,양념소갈비살(160g),12000
1031,대박소갈비살,소갈비살(160g),11000
1032,대박소갈비살,매운갈비살라면,4000
1033,왕짜장,콩짜장,3000
1034,왕짜장,짬뽕,4500
1035,왕짜장,우동,4500
1036,왕짜장,기스면,5000
1037,왕짜장,짜장밥,4000
1038,경성초밥,모듬초밥 (11p),20000
1039,경성초밥,특초밥 (11p),28000
1040,경성초밥,생연어초밥 (10p),23000
1041,경성초밥,구운연어초밥 (10p),23000
1042,경성초밥,광어초밥 (10p),22000
1043,최군우동 태릉본점,우동,4000
1044,최군우동 태릉본점,얼큰우동,4000
1045,최군우동 태릉본점,유부우동,4500
1046,최군우동 태릉본점,짜장면,4000
1047,최군우동 태릉본점,비빔밥,4500
1048,육회란연어다,육회덮밥,5900
1049,육회란연어다,생연어덮밥,5900
1050,육회란연어다,육연덮밥,6900
1051,육회란연어다,육회초밥(5P),5900
1052,육회란연어다,생연어초밥(5P),5900
1053,암사골숯불닭갈비,간장닭갈비,12000
1054,암사골숯불닭갈비,양념닭갈비,12000
1055,암사골숯불닭갈비,무뼈닭발,15000
1056,암사골숯불닭갈비,국물닭발,17000
1057,암사골숯불닭갈비,비빔막국수,6000
1058,순살만공격 노원공릉점,치파포 세트 얼티밋,29900
1059,순살만공격 노원공릉점,치파포 세트 V3,19900
1060,순살만공격 노원공릉점,바네요 세트 V2.0(바베큐 네가지 맛),28900
1061,순살만공격 노원공릉점,닭다리 순살만 치동,19900
1062,순살만공격 노원공릉점,닭다리 순살만 치폴라 반.반 치킨,18900
1063,외백,짜장면,4000
1064,외백,짬뽕,5000
1065,외백,홍합짬뽕,8000
1066,외백,볶음밥,6000
1067,외백,유산슬밥,11000
1068,구어돈 공릉점,도시락세트,8000
1069,구어돈 공릉점,돈삼겹 곱빼기 도시락,7000
1070,구어돈 공릉점,돈삼겹 고기만,10000
1071,구어돈 공릉점,돈삼겹 양념 고기만,10500
1072,구어돈 공릉점,간장등갈비찜,23000
1073,BBQ 공릉점,자메이카 소떡만나치킨,24000
1074,BBQ 공릉점,자메이카 소떡만나 콤보치킨,25500
1075,BBQ 공릉점,크런치버터치킨,24000
1076,BBQ 공릉점,황금올리브치킨 콤보,24000
1077,BBQ 공릉점,황금올리브치킨,20000
1078,아빠의파스타,토마토소스파스타,13000
1079,아빠의파스타,오리엔탈소스파스타,15000
1080,아빠의파스타,리가도니파스타,15000
1081,아빠의파스타,찹스테이크,22000
1082,아빠의파스타,클래식라자냐,18000
1083,기찻길풍경야채곱창,야채곱창,10000
1084,기찻길풍경야채곱창,치즈곱창,12000
1085,기찻길풍경야채곱창,알곱창,11000
1086,토리쿠,연어회,60000
1087,토리쿠,계란구이,15000
1088,토리쿠,문어,18000
1089,토리쿠,반건조노가리,30000
1090,토리쿠,소시지,18000
1091,스시쟁이,특초밥 (12p),16000
1092,스시쟁이,스페셜초밥 (12p),19000
1093,스시쟁이,연어초밥 (10p),18000
1094,스시쟁이,연어+광어초밥 (10p),18000
1095,스시쟁이,연어+꽃등심 (10p),18000
1096,오늘은강정,닭강정(큰 상자),14500
1097,오늘은강정,닭강정(작은 상자),9500
1098,오늘은강정,닭강정(컵),3500
1099,로지다이닝키친,호르몬 덮밥,10000
1100,로지다이닝키친,일본식 회덮밥,10000
1101,로지다이닝키친,연어 회덮밥,9500
1102,로지다이닝키친,돼지고기 미소소스 덮밥,8500
1103,로지다이닝키친,타코와사비,6000
1104,하노이별 공릉점,생 홍두깨 쌀국수,9000
1105,하노이별 공릉점,참숯 석쇠 닭가슴살 쌀국수,8500
1106,하노이별 공릉점,신선한 해산물 쌀국수,9000
1107,하노이별 공릉점,해물 팟타이,10000
1108,하노이별 공릉점,참숯 새싹 돼지고기 덮밥,8000
1109,돈까스회관 공릉점,등심돈까스 5장,10000
1110,돈까스회관 공릉점,치즈돈까스 3장,10000
1111,돈까스회관 공릉점,새우튀김 5마리,10000
1112,돈까스회관 공릉점,생선까스 3장,10000
1113,돈까스회관 공릉점,치킨까스 3장,3500
1114,참치세상,참다랑어스페셜 (1인),75000
1115,참치세상,참치스페셜 (1인),50000
1116,참치세상,참치회특 (1인),38000
1117,참치세상,참치회 (1인),30000
1118,참치세상,특초밥 (10pcs),22000
1119,원조강영숙봉평메밀촌 본점,물막국수,7000
1120,원조강영숙봉평메밀촌 본점,비빔막국수,7000
1121,원조강영숙봉평메밀촌 본점,회막국수,8500
1122,원조강영숙봉평메밀촌 본점,한방수육,20000
1123,원조강영숙봉평메밀촌 본점,메밀전,7000
1124,자가제빵선명희피자 공릉점,베이컨 포테이토 (M),17000
1125,자가제빵선명희피자 공릉점,답치즈베이컨 (M),22000
1126,자가제빵선명희피자 공릉점,바싹불고기 (M),16000
1127,자가제빵선명희피자 공릉점,콤비네이션 (M),15000
1128,자가제빵선명희피자 공릉점,파인애플 (M),15000
1129,알러이,쉬림프 머니백 덤플링스,6900
1130,알러이,소이 소스 라이스 누들,8000
1131,알러이,쉬림프 & 베이컨 갈릭 프라이드 라이스,8500
1132,알러이,레몬치킨,12900
1133,알러이,사천 포크,13900
1134,이삭토스트 공릉점,미트팡 토스트,4800
1135,이삭토스트 공릉점,콘치즈 토스트,4400
1136,이삭토스트 공릉점,그릴드 불갈비,4700
1137,이삭토스트 공릉점,그릴드 불고기,4300
1138,이삭토스트 공릉점,허니갈릭 햄치즈,3700
1139,뭉탱이공릉숯불생고기,돼지모듬구이(1인분),15000
1140,뭉탱이공릉숯불생고기,소모듬구이(1인분),21000
1141,뭉탱이공릉숯불생고기,생삼겹살,15000
1142,뭉탱이공릉숯불생고기,돼지고기 목살,15000
1143,뭉탱이공릉숯불생고기,진갈비살(150g),25000
1144,춘천중앙로숯불닭갈비,중앙로숯불닭갈비(1인분) 참맛,14000
1145,춘천중앙로숯불닭갈비,중앙로숯불닭갈비(1인분) 고추장맛,14000
1146,춘천중앙로숯불닭갈비,열무비빔쌈국수,8000
1147,춘천중앙로숯불닭갈비,열무냉국수,8000
1148,춘천중앙로숯불닭갈비,수라잔치국수,7000
1149,쇠뿔정육식당 공릉점,한우사골도가니탕,8000
1150,쇠뿔정육식당 공릉점,제육볶음,7000
1151,쇠뿔정육식당 공릉점,삼겹살,11000
1152,쇠뿔정육식당 공릉점,등심A++,28000
1153,쇠뿔정육식당 공릉점,치마살,30000
1154,백세마인보쌈 공릉본점,보쌈정식,9000
1155,도미노피자 공릉점,아메리칸 패티 멜트(L),29900
1156,도미노피자 공릉점,파이브 씨푸드 망고링(L),36900
1157,도미노피자 공릉점,와일드 와일드 웨스트 스테이크(L),33900
1158,도미노피자 공릉점,마스터 트리플 코스(L),34900
1159,도미노피자 공릉점,블랙타이거 슈림프(L),36900
1160,범피버거,치즈버거,5500
1161,범피버거,더블치즈버거,7000
1162,범피버거,필리 치즈 스테이킄 샌드위치,7000
1163,또래오래 노원공릉점,콘듀치킨+리얼치즈볼,25000
1164,또래오래 노원공릉점,오곡후라이드+리얼치즈볼,22000
1165,또래오래 노원공릉점,갈반핫반+리얼치즈볼,24000
1166,또래오래 노원공릉점,단짠윙봉+리얼치즈볼,25000
1167,또래오래 노원공릉점,단짠스틱+리얼치즈볼,25000
1168,강나루유황오리주물럭 제1본점,오리주물럭(반마리),32000
1169,강나루유황오리주물럭 제1본점,양념주물럭(반마리),33000
1170,강나루유황오리주물럭 제1본점,훈제바베큐(반마리),33000
1171,강나루유황오리주물럭 제1본점,오리주물럭+양념주물럭,54000
1172,강나루유황오리주물럭 제1본점,오리주물럭+훈제바베큐,54000
1173,할머니옛날보리쌈밥,보리쌈밥,11000
1174,할머니옛날보리쌈밥,보리비빔밥,10000
1175,할머니옛날보리쌈밥,도토리묵,10000
1176,할머니옛날보리쌈밥,제육,10000
1177,할머니옛날보리쌈밥,녹두전,15000
1178,공릉순두부,순두부,5000
1179,공릉순두부,해물순두부,7000
1180,공릉순두부,뚝배기제육,7000
1181,공릉순두부,뚝배기불고기,7000
1182,공릉순두부,해물파전,10000
1183,교촌치킨 공릉1호점,교촌허니순살[R],21000
1184,교촌치킨 공릉1호점,교촌라이스,20000
1185,교촌치킨 공릉1호점,교촌오리지날,16000
1186,교촌치킨 공릉1호점,교촌콤보,19000
1187,교촌치킨 공릉1호점,교촌윙,19000
1188,차차,뿌팟봉커리,29000
1189,차차,태국 소고기 쌀국수,12000
1190,차차,팟타이꿍,14000
1191,차차,똠양꿍,19000
1192,차차,팟카파오,14000
1193,퍼스트쿡카츠,경양식돈까스,9500
1194,퍼스트쿡카츠,핫경양식까스,9500
1195,퍼스트쿡카츠,야사이쇼유카츠,9500
1196,퍼스트쿡카츠,가라시카츠,9500
1197,퍼스트쿡카츠,더블치즈카츠,11000
1198,미스터피자 공릉점,킹 브레드 쉬림프 골드 칠리L,37900
1199,미스터피자 공릉점,킹 브레드 쉬림프 골드L,37900
1200,미스터피자 공릉점,[패브릭포스터SET]짱구가 좋아하는 SET,33400
1201,미스터피자 공릉점,[뿔 텀블러 SET]쥬라기 맥앤치즈 피자,37000
1202,미스터피자 공릉점,[공룡 텀블러 SET]하프앤하프,35000
1203,돌판생고기,한우생등심,35000
1204,돌판생고기,한우갈비살,39000
1205,돌판생고기,한돈 생삼겹살,15000
1206,돌판생고기,한돈 생목살,15000
1207,돌판생고기,생갈매기살,15000
1208,김가네찜칼국수,해물찜(소),40000
1209,김가네찜칼국수,얼큰만두버섯전골(소),20000
1210,김가네찜칼국수,얼큰만두버섯전골(중),30000
1211,김가네찜칼국수,해물찜(중),50000
1212,김가네찜칼국수,해물찜(대),60000
1213,싸다김밥,참치김밥,3500
1214,싸다김밥,즉석우동,4500
1215,싸다김밥,국물떡볶이,4500
1216,싸다김밥,돈까스오므라이스,8500
1217,싸다김밥,참치김치덮밥,6000
1218,소망숯불갈비,육회(300g),30000
1219,소망숯불갈비,암소등심(180g),30000
1220,소망숯불갈비,돼지갈비(220g),10000
1221,소망숯불갈비,생오겹살(180g),10000
1222,소망숯불갈비,영양삼계탕,12000
1223,달토끼의떡볶이흡입구역 공릉점,국물떡볶이(하프),8000
1224,달토끼의떡볶이흡입구역 공릉점,오뎅볶이(하프),8000
1225,달토끼의떡볶이흡입구역 공릉점,투움바떡볶이,16000
1226,달토끼의떡볶이흡입구역 공릉점,우삼겹떡볶이,17000
1227,달토끼의떡볶이흡입구역 공릉점,사천짜장떡볶이(하프),8000
1228,도쿄식탁,아메리카노,4500
1229,도쿄식탁,카페라떼,5000
1230,도쿄식탁,아인슈페너,6000
1231,도쿄식탁,블루라떼,6000
1232,도쿄식탁,허니자몽블랙티,6000
1233,광수육회 공릉점,육회(300g),14000
1234,광수육회 공릉점,육사시미,18000
1235,광수육회 공릉점,고추장육회,16000
1236,광수육회 공릉점,비빔육회,16000
1237,광수육회 공릉점,육회비빔밥,6500
1238,이런씨불닭발,통뼈국물닭발,19000
1239,이런씨불닭발,무뼈국물닭발,21000
1240,이런씨불닭발,무뼈닭발,19000
1241,이런씨불닭발,통뼈닭발,17000
1242,이런씨불닭발,불오돌뼈,16000
1243,구공탄친구들,차돌박이(150g),16000
1244,구공탄친구들,생삼겹살(180g),12000
1245,구공탄친구들,소갈비살(180g),13000
1246,구공탄친구들,날치알계란찜,5000
1247,구공탄친구들,순두부찌개,5000
1248,"여기,꼬치네",꼬치 구이 모듬세트(8pcs),16000
1249,"여기,꼬치네",튀김 꼬치 모듬세트(6pcs),14000
1250,"여기,꼬치네",수제치킨가라아게,12000
1251,"여기,꼬치네",먹태,15000
1252,"여기,꼬치네",해물 국물 떡볶이,16000
1253,본죽&비빔밥cafe 공릉원자력병원점,단호박죽,9500
1254,본죽&비빔밥cafe 공릉원자력병원점,낙지김치죽,10000
1255,본죽&비빔밥cafe 공릉원자력병원점,삼계죽,11000
1256,본죽&비빔밥cafe 공릉원자력병원점,전복죽,12000
1257,본죽&비빔밥cafe 공릉원자력병원점,쇠고기야채죽,10000
1258,부대집며느리,냉이부대찌개,9500
1259,부대집며느리,소곱창부대전골(2인만가능),11000
1260,화로상회 공릉점,무한리필 (14세 이상),16900
1261,화로상회 공릉점,무한리필 (8새~13세),12900
1262,화로상회 공릉점,무한리필 (6세~7세),6900
1263,화로상회 공릉점,물냉면,6000
1264,화로상회 공릉점,비빔냉면,6000
1265,스시락 2호점,모듬초밥 (10pcs),11000
1266,스시락 2호점,모듬회,30000
1267,스시락 2호점,냉우동,6500
1268,스시락 2호점,광어초밥 (1pcs),1700
1269,스시락 2호점,연어초밥 (1pcs),1500
1270,인차이나,짜장면(미니),3000
1271,인차이나,짬뽕(미니),4000
1272,인차이나,짜장면 (미니),2500
1273,인차이나,우동(미니),4000
1274,인차이나,미니탕수육,8000
1275,페페그라노,페페그라노 시그니쳐,14500
1276,페페그라노,알리오올리오,12500
1277,페페그라노,라자냐,14500
1278,페페그라노,까르보나라,12500
1279,페페그라노,연어 스테이크 (200g),28500
1280,등촌샤브칼국수 공릉점,얼큰 버섯샤브칼국수,9000
1281,등촌샤브칼국수 공릉점,맑은 버섯샤브칼국수,9000
1282,등촌샤브칼국수 공릉점,얼큰 샤브샤브칼국수세트 (2인분이상) (점심특선메뉴),12000
1283,등촌샤브칼국수 공릉점,샤브샤브 (소고기 200g),9000
1284,등촌샤브칼국수 공릉점,물만두,4000
1285,알촌,순한알밥,3900
1286,알촌,매콤마늘제육알밥,5300
1287,알촌,불고기알밥,5300
1288,알촌,떡갈비알밥,5300
1289,알촌,카레알밥,4800
1290,세븐돈까스김밥 공릉점,새우볶음밥,5500
1291,세븐돈까스김밥 공릉점,돈까스,6000
1292,세븐돈까스김밥 공릉점,알밥,6000
1293,세븐돈까스김밥 공릉점,라면,3500
1294,우리동네,제육볶음,7000
1295,우리동네,오징어볶음,8000
1296,우리동네,삼겹살,13000
1297,우리동네,닭볶음탕 (중),25000
1298,우리동네,김치찌개,6000
1299,쪼매매운떡볶이 공릉점,떡볶이,3000
1300,쪼매매운떡볶이 공릉점,치즈떡볶이,3500
1301,쪼매매운떡볶이 공릉점,순대,3000
1302,쪼매매운떡볶이 공릉점,쪼매김밥,1500
1303,쪼매매운떡볶이 공릉점,라면,2500
1304,남원골추어탕,추어탕,8000
1305,남원골추어탕,추어튀김,12000
1306,남원골추어탕,왕갈비탕,10000
1307,남원골추어탕,묵은지 등갈비찜(소),28000
1308,남원골추어탕,오리로스구이(반마리),20000
1309,청년감자탕순대국 공릉점,청년감자탕 소,28000
1310,청년감자탕순대국 공릉점,청년감자탕 중,37000
1311,청년감자탕순대국 공릉점,청년감자탕 대,46000
1312,청년감자탕순대국 공릉점,청년감자탕 특대,54000
1313,청년감자탕순대국 공릉점,묵은지감자탕 소,30000
1314,753베이글비스트로,수제 베이글,3900
1315,753베이글비스트로,LOX(록스)샌드위치,11900
1316,753베이글비스트로,베이컨 에그 치즈 샌드위치,8900
1317,753베이글비스트로,파스트라미 에그 치즈 샌드위치,11900
1318,횡성한우정육백화점,꽃등심(160g),36000
1319,횡성한우정육백화점,육회(1접시),24000
1320,횡성한우정육백화점,칼맞은통삼겹살(170g),12900
1321,횡성한우정육백화점,통목살(170g),12900
1322,횡성한우정육백화점,칼맞은두툼껍데기,5000
1323,안시성,짜장면,7000
1324,안시성,삼선짬뽕,9000
1325,안시성,삼선볶음밥,8000
1326,안시성,탕수육(소),20000
1327,안시성,깐쇼새우,38000
1328,땡불초닭발,땡닭발,17000
1329,땡불초닭발,뼈없는닭발,18000
1330,땡불초닭발,불오징어,18000
1331,땡불초닭발,불삼겹,23000
1332,땡불초닭발,치즈떡볶이,17000
1333,황토닭갈비,양념판닭갈비,9000
1334,황토닭갈비,닭갈비,9000
1335,황토닭갈비,뼈해장국,6000
1336,황토닭갈비,감자탕(소),25000
1337,황토닭갈비,소고기버섯전골(소),25000
1338,청계천8가삼성곱창,막창구이,12000
1339,청계천8가삼성곱창,야채곱창,8000
1340,청계천8가삼성곱창,오돌뼈,8000
1341,청계천8가삼성곱창,뼈없는닭발,8000
1342,지코바 공릉점,지코바 소금구이,18000
1343,지코바 공릉점,지코바 순살소금구이,19000
1344,지코바 공릉점,지코바 순살양념구이,20000
1345,지코바 공릉점,지코바 양념치킨,19000
1346,지코바 공릉점,지코바 윙 양념구이,19000
1347,솔직하다,연어덮밥(사케동),15000
1348,솔직하다,연어장덮밥(*일일한정),13000
1349,솔직하다,규동(우삼겹 덮밥),10000
1350,솔직하다,가라아게동,8000
1351,솔직하다,유부우동,8000
1352,깜닭이야치킨 공릉본점,후라이드,13000
1353,깜닭이야치킨 공릉본점,양념치킨,15000
1354,깜닭이야치킨 공릉본점,후반/양반,14000
1355,깜닭이야치킨 공릉본점,순살레몬파닭,18000
1356,깜닭이야치킨 공릉본점,핫스파이스치킨,15000
1357,피자메카 공릉점,메카4U 피자 (M),19500
1358,피자메카 공릉점,메카4U 피자 (L),23500
1359,피자메카 공릉점,수퍼메카 피자 (M),18500
1360,피자메카 공릉점,수퍼메카 피자 (L),22500
1361,피자메카 공릉점,핫치킨&쉬림프 피자 (M),21500
1362,7번가피자 공릉점,새우파티 석쇠 L,32500
1363,7번가피자 공릉점,샘스테이크 석쇠 L,32500
1364,7번가피자 공릉점,홍대피자 석쇠 L,32500
1365,7번가피자 공릉점,체다골드 포테이토 석쇠 L,32500
1366,7번가피자 공릉점,흥부박포테이토 석쇠 L,29900
1367,둘둘치킨 공릉점,테리야끼치킨,18000
1368,둘둘치킨 공릉점,마늘치킨,18000
1369,둘둘치킨 공릉점,매운양념치킨,18000
1370,둘둘치킨 공릉점,순살치킨,18000
1371,둘둘치킨 공릉점,양념치킨,18000
1372,푸라닭치킨 공릉점,콘소메이징,18900
1373,푸라닭치킨 공릉점,블랙알리오,18900
1374,푸라닭치킨 공릉점,고추마요 치킨,18900
1375,푸라닭치킨 공릉점,텐더 콘소메이징,18900
1376,푸라닭치킨 공릉점,푸라닭 치킨,16900
1377,주주돈가,주주 삼겹 (180g),8000
1378,주주돈가,돼지갈비 (200g),9000
1379,주주돈가,소갈비살 (400g),22000
1380,주주돈가,소곱창 (180g),13000
1381,주주돈가,소대창 (180g),13000
1382,주세프명인,옛날짜장,5500
1383,주세프명인,고기간짜장,6500
1384,주세프명인,군만두,6000
1385,주세프명인,물만두,6000
1386,주세프명인,옛날짬뽕,6500
1387,카우보이치킨 공릉점,리얼 통닭 한마리,6900
1388,카우보이치킨 공릉점,텍사스 바비큐 통닭,8900
1389,처갓집양념치킨 공릉점,슈프림양념치킨,21000
1390,처갓집양념치킨 공릉점,치즈슈프림 양념치킨,21000
1391,처갓집양념치킨 공릉점,허니올리고당야채양념치킨,19000
1392,처갓집양념치킨 공릉점,후라이드치킨,18000
1393,처갓집양념치킨 공릉점,와락치킨,20000
1394,맘스터치 피자앤치킨 화랑대역점,치즈피치세트(싸이순살),25700
1395,맘스터치 피자앤치킨 화랑대역점,페퍼로니피치세트(싸이순살),25700
1396,맘스터치 피자앤치킨 화랑대역점,콰트로불고기피치세트(싸이순살),26700
1397,맘스터치 피자앤치킨 화랑대역점,하와이안갈릭쉬림프피치세트(싸이순살),26700
1398,맘스터치 피자앤치킨 화랑대역점,슈퍼슈프림피치세트(싸이순살),26700
1399,두레통닭 화랑대역점,옛날통닭,6500
1400,두레통닭 화랑대역점,양념통닭,9000
1401,두레통닭 화랑대역점,순살후라이드 (중),7000
1402,두레통닭 화랑대역점,깐풍강정 (중),7500
1403,두레통닭 화랑대역점,똥집튀김 (중),7000
1404,던킨 화랑대역점,올스타 도넛세트,15100
1405,던킨 화랑대역점,버라이어티 10팩,17000
1406,던킨 화랑대역점,내쉬빌핫치킨버거,5500
1407,던킨 화랑대역점,해피 먼치킨컵 10EA,5000
1408,던킨 화랑대역점,커피&도넛 트윈세트,17500
1409,피자스쿨 화랑대역점,고구마피자,10900
1410,피자스쿨 화랑대역점,까르보네피자,12900
1411,피자스쿨 화랑대역점,깐쇼새우피자,14900
1412,피자스쿨 화랑대역점,나폴리피자,12900
1413,피자스쿨 화랑대역점,닭안심살피자,14900
1414,이삭토스트 서울여대점,미트팡 토스트,4800
1415,이삭토스트 서울여대점,콘치즈 토스트,4400
1416,이삭토스트 서울여대점,그릴드 불갈비,4700
1417,이삭토스트 서울여대점,그릴드 불고기,4300
1418,이삭토스트 서울여대점,허니갈릭 햄치즈,3700
1419,본죽&비빔밥cafe 화랑대역점,단호박죽,9500
1420,본죽&비빔밥cafe 화랑대역점,낙지김치죽,10000
1421,본죽&비빔밥cafe 화랑대역점,삼계죽,11000
1422,본죽&비빔밥cafe 화랑대역점,전복죽,12000
1423,본죽&비빔밥cafe 화랑대역점,쇠고기야채죽,10000
1424,봉구스밥버거 화랑대역점,해봉이밥버거,4200
1425,봉구스밥버거 화랑대역점,에햄밥버거,3800
1426,봉구스밥버거 화랑대역점,닭갈비밥버거,3500
1427,봉구스밥버거 화랑대역점,마요떡갈비밥버거,4000
1428,봉구스밥버거 화랑대역점,바삭멸치밥버거,4000
1429,죠스떡볶이 화랑대역점,트윈 세트,16000
1430,죠스떡볶이 화랑대역점,치즈 세트,17500
1431,죠스떡볶이 화랑대역점,스페셜 세트,19300
1432,죠스떡볶이 화랑대역점,패밀리 세트,22800
1433,죠스떡볶이 화랑대역점,죠스떡볶이,3500
1434,족발3시30분 화랑대역점,스페셜,65000
1435,족발3시30분 화랑대역점,족발 (앞다리),35000
1436,족발3시30분 화랑대역점,족발 (뒷다리),30000
1437,족발3시30분 화랑대역점,보쌈 (중),30000
1438,족발3시30분 화랑대역점,족발보쌈 (중),35000
1439,왕빈자전통주막 화랑대역직영점,모듬전,21000
1440,왕빈자전통주막 화랑대역직영점,베이컨김치치즈전,17000
1441,왕빈자전통주막 화랑대역직영점,불고기치즈파전,17000
1442,왕빈자전통주막 화랑대역직영점,치즈감자전,17000
1443,왕빈자전통주막 화랑대역직영점,허니치즈고구마전,17000
1444,버거킹 화랑대역점,몬스터와퍼 세트,11500
1445,버거킹 화랑대역점,콰트로치즈와퍼 세트,10900
1446,버거킹 화랑대역점,기네스콰트로치즈와퍼 세트,11500
1447,버거킹 화랑대역점,기네스와퍼 세트,11500
1448,버거킹 화랑대역점,통새우와퍼세트,10900
1449,굽네치킨 공릉2동점,남해마늘바사삭+콜라1.25L,21000
1450,굽네치킨 공릉2동점,리코타&브리 시카고 피자+콜라1.25L,21000
1451,굽네치킨 공릉2동점,오븐바사삭+티카마살라+콜라1.25L,21900
1452,굽네치킨 공릉2동점,오븐바사삭+치킨마크니+콜라1.25L,21900
1453,굽네치킨 공릉2동점,불금치킨+콜라1.25L,20000
1454,귀빈반점,A세트,13000
1455,귀빈반점,B세트,13500
1456,귀빈반점,짜장면,2500
1457,귀빈반점,짬뽕,3000
1458,귀빈반점,새우짜장,6000
1459,소라분식 태릉본점,전설의 떡볶이,12000
1460,소라분식 태릉본점,해물 떡볶이,6500
1461,소라분식 태릉본점,부대떡볶이,6500
1462,소라분식 태릉본점,라볶이,4500
1463,소라분식 태릉본점,쫄볶이,4500
1464,몽둥이부리또 서울여대점,치킨라이스,4000
1465,몽둥이부리또 서울여대점,소고기라이스,4500
1466,몽둥이부리또 서울여대점,스킨칩스라이스,4500
1467,몽둥이부리또 서울여대점,훈제치킨라이스,4500
1468,몽둥이부리또 서울여대점,소세지감자,4500
1469,애플민트,베이컨크림스파게티,6900
1470,애플민트,새우크림스파게티,7400
1471,애플민트,새우크림오븐치즈스파게티,7800
1472,애플민트,베이컨알리오올리오오스파게티,6900
1473,애플민트,새우알리오알리오오푸실리,7500
1474,타이인플레이트,푸팟퐁커리&밥,17000
1475,타이인플레이트,팟타이,7000
1476,타이인플레이트,팟씨유,7000
1477,타이인플레이트,나시고랭,7000
1478,타이인플레이트,카오팟,7000
1479,고씨네 서울여대점,돈까스카레,7000
1480,고씨네 서울여대점,스페셜카레,9500
1481,고씨네 서울여대점,떡갈비카레,7000
1482,고씨네 서울여대점,고로케카레,7000
1483,고씨네 서울여대점,돈까스카레우동,8000
1484,반층야,옛날냉동삼겹,9000
1485,반층야,생삽겹살,12000
1486,반층야,김치찌개 백반(1인),7000
1487,반층야,가츠동,7500
1488,반층야,연어덮밥,9500
1489,홀리몰리베이글리,블랙(HOT),3900
1490,홀리몰리베이글리,화이트(HOT),4200
1491,홀리몰리베이글리,마차(HOT),4200
1492,홀리몰리베이글리,수제 레모네이드,5000
1493,홀리몰리베이글리,수제 꿀 레몬차,4500
1494,감탄떡볶이 서울여대점,감탄떡볶이,3500
1495,감탄떡볶이 서울여대점,바삭튀김,4000
1496,감탄떡볶이 서울여대점,찰순대,4000
1497,감탄떡볶이 서울여대점,감탄우동,4000
1498,감탄떡볶이 서울여대점,곡물핫도그,1500
1499,오스테리아 잭팟,연어샐러드,23000
1500,오스테리아 잭팟,고르곤졸라 치즈피자,24000
1501,오스테리아 잭팟,카페산테,25000
1502,오스테리아 잭팟,리조토풍기,23000
1503,오스테리아 잭팟,포트와인소스와 한우안심1+스테이크(180g),58000
1504,테르미니,마르게리따 피자,13700
1505,테르미니,고르곤졸라 피자,15700
1506,테르미니,애플 고르곤졸라 피자,17700
1507,테르미니,디아볼라 피자,17700
1508,테르미니,웨지 포테이토 피자,17700
1509,이태리철판 서울과학기술대학교점,해물볶음밥,4900
1510,이태리철판 서울과학기술대학교점,불해물볶음밥,5900
1511,이태리철판 서울과학기술대학교점,불삼겹볶음밥,6900
1512,이태리철판 서울과학기술대학교점,불치즈볶음밥,6900
1513,이태리철판 서울과학기술대학교점,김치볶음밥,5900
1514,이태리철판 서울과학기술대학교점,김치삼겹볶음밥,6900
