id,rest_name,address,kakao_url,star,star_num,image,distance
0,BBQ 공릉스타점,서울특별시 노원구 공릉동 727 풍림아파트,https://place.map.kakao.com/680118322,5,2,,21
1,1번지통닭 공릉점,서울특별시 노원구 공릉동 727 풍림아파트 ,https://place.map.kakao.com/837327706,5,2,//t1.daumcdn.net/place/2CDA198FFF984210B92C1D4E59DDBDC7,22
2,본죽&비빔밥cafe 공릉원자력병원점,서울특별시 노원구 공릉동 727 풍림아파트B상가 114동 110호,https://place.map.kakao.com/11049842,5,2,,11
3,쿡앤쿡,서울특별시 노원구 공릉동 727번지 풍림상가 114동 102호,https://place.map.kakao.com/19607441,3.8,4,,23
4,피자꾼 공릉본점,서울특별시 노원구 공릉동 727번지 풍림아파트 114동 106호,https://place.map.kakao.com/13058367,5,2,,22
5,감탄떡볶이 공릉풍림점,서울특별시 노원구 공릉동 727번지 풍림아파트상가 114동 105-3 ,https://place.map.kakao.com/1384725117,5,1,//t1.daumcdn.net/place/F8E951D2C9754E1FB040E346EA75B10A,22
6,풍년식당,서울특별시 노원구 공릉동 708 2단지상가 106호,https://place.map.kakao.com/16623430,0,0,,20
7,처갓집양념치킨 공릉점,서울특별시 노원구 공릉동 708 공릉(아)2단지상가 102호,https://place.map.kakao.com/26783547,5,6,,25
8,원조강영숙봉평메밀촌 본점,서울특별시 노원구 공릉동 312-24 ,https://place.map.kakao.com/17223169,4.5,22,//t1.daumcdn.net/place/C452D7ECAA58424F9B616C5ABB719996,10
9,채선당도시락&샐러드 공릉점,서울특별시 노원구 공릉동 312-8 ,https://place.map.kakao.com/1722832769,5,4,//t1.kakaocdn.net/fiy_reboot/place/5AFA10DC478941B0A005E75E1A037627,21
10,공릉모소리,서울특별시 노원구 공릉동 312-9 동일주택 1층 ,https://place.map.kakao.com/1578206237,4.7,6,//t1.kakaocdn.net/mystore/C16190F1D17B4EC0930D0945D4BD9AE0,21
11,프랭크버거 공릉점,서울특별시 노원구 공릉동 323-2 공삼빌딩,https://place.map.kakao.com/2096674278,5,1,//t1.kakaocdn.net/fiy_reboot/place/1B4D34F965F24F90A7B8E6931C93571D,19
12,여물소,서울특별시 노원구 공릉동 323-2번지 공삼빌딩 ,https://place.map.kakao.com/10250915,3.7,6,,19
13,영자네곱창 공릉역점,서울특별시 노원구 공릉동 380-54번지 ,https://place.map.kakao.com/2038437403,5,1,//t1.daumcdn.net/place/E6AEA31B525A4203BD969B2F8D06329B,22
14,장수해물칼국수,서울특별시 노원구 공릉동 380-5,https://place.map.kakao.com/13594099,3.8,8,//t1.daumcdn.net/place/D94C1EA5E7E749E2A0988415C43C613D,22
15,뚱보네기사식당,서울특별시 노원구 공릉동 323-20,https://place.map.kakao.com/11136536,0,0,,21
16,산골집,서울특별시 노원구 공릉동 404-1번지 1층 ,https://place.map.kakao.com/16302446,4.4,7,//t1.daumcdn.net/localfiy/EF4C2ED24B764BE197DDEF4A35F6CDA4,20
17,개미식당,서울특별시 노원구 공릉동 323-21번지 ,https://place.map.kakao.com/10131319,0,0,//t1.daumcdn.net/place/1B6FDEAC1B7944508BCF6F3AC3A18DC2,20
18,원조멸치국수,서울특별시 노원구 공릉동 323-21번지 ,https://place.map.kakao.com/16704247,5,9,//t1.daumcdn.net/place/30360DA280044741A1BB9C5157834EDA,26
19,아늑한주방 공릉점,서울특별시 노원구 공릉동 404-8 1층,https://place.map.kakao.com/1549343775,3.7,12,//t1.daumcdn.net/place/02B70775EE6F476D8A894043CA222053,21
20,남대문황금족발 공릉점,서울특별시 노원구 공릉동 379-1,https://place.map.kakao.com/16558134,4,1,//t1.daumcdn.net/place/52850046B4754038AFE47F6CD0EF1FD2,20
21,꿀삼겹,서울특별시 노원구 공릉동 379-1,https://place.map.kakao.com/2085893063,4.8,4,//t1.kakaocdn.net/mystore/648228A3D3384D33B7E74B69148F0C99,20
22,동창야채닭갈비 공릉점,서울특별시 노원구 공릉동 380-42번지 지상1층 ,https://place.map.kakao.com/27473728,4,3,//t1.daumcdn.net/place/9FA5C46EAE374D7697BD021230E57BF5,21
23,헬로베트남쌀국수 공릉점,서울특별시 노원구 공릉동 379-3번지 ,https://place.map.kakao.com/856906071,4,2,//t1.daumcdn.net/place/BED591C892A14FF2A5F9DE9590A8F557,21
24,김밥천국 공릉점,서울특별시 노원구 공릉동 382-10 ,https://place.map.kakao.com/16527403,4.1,10,//t1.daumcdn.net/place/DB5FA9A0EBC24C84BD9CA907F477BEEB,10
25,백채김치찌개 공릉역점,서울특별시 노원구 공릉동 382-11 ,https://place.map.kakao.com/628214370,5,7,//t1.daumcdn.net/place/2DFCEBAFBAD9478890F888991F956289,20
26,스마일닭발,서울특별시 노원구 공릉동 382-22번지 1층 ,https://place.map.kakao.com/1798189722,5,3,//t1.kakaocdn.net/fiy_reboot/place/3EF37640F46645C883A4B6DA3A9035EE,20
27,땡초집,서울특별시 노원구 공릉동 379-4번지 금광빌딩 1층 ,https://place.map.kakao.com/27473603,4,4,//t1.daumcdn.net/place/80FC85A8344D4E3680AB09D8E10D5D7B,21
28,권서방네 순대국왕순대 공릉점,서울특별시 노원구 공릉동 379-25번지 ,https://place.map.kakao.com/12697915,5,1,//t1.daumcdn.net/place/6177E144ED5B45BBB1357C5AD12FC459,20
29,생선까시,서울특별시 노원구 공릉동 379-25번지 1층 ,https://place.map.kakao.com/1674504332,2.8,19,//t1.daumcdn.net/localfiy/28C5524157FC4A9CAF33447407B9B6B2,20
30,뜨락,서울특별시 노원구 공릉동 404-2번지 ,https://place.map.kakao.com/1148391455,0,0,//t1.daumcdn.net/place/2B33CE14C72D450384A94CF6EC9FA5E3,20
31,제육대가 공릉점,서울특별시 노원구 공릉동 323-8 ,https://place.map.kakao.com/640110863,0,0,,20
32,원조명동찌개마을 공릉동직영점,서울특별시 노원구 공릉동 323-8번지 ,https://place.map.kakao.com/1424200889,1,1,,19
33,에이엔,서울특별시 노원구 공릉동 379-34번지 101호,https://place.map.kakao.com/1105006417,4.6,5,//t1.daumcdn.net/place/994A0D5F607F484597CEF865DDAC8EB4,20
34,일등숯불갈비,서울특별시 노원구 공릉동 383-2번지 ,https://place.map.kakao.com/345227058,3.5,4,,19
35,휴돈정,서울특별시 노원구 공릉동 383-12 건양오피스텔 104호,https://place.map.kakao.com/1682786058,3.8,23,//t1.daumcdn.net/place/C250AB673F704C2A9781C37B39FED37E,20
36,구라네쪽갈비,서울특별시 노원구 공릉동 404-5번지 1층 ,https://place.map.kakao.com/25540244,5,3,//t1.daumcdn.net/place/330E979C6EDF4BB4BBDFD24DEA033A8A,21
37,김밥윤결,서울특별시 노원구 공릉동 323-11,https://place.map.kakao.com/1791415002,2.6,5,//t1.daumcdn.net/place/6BF9B83573224DF68670CF085C3A5B48,20
38,하회정,서울특별시 노원구 공릉동 404-7번지 ,https://place.map.kakao.com/15832983,5,5,,21
39,화락바베큐치킨 노원공릉점,서울특별시 노원구 공릉동 362-1,https://place.map.kakao.com/278542248,0,0,,17
40,형제해장국,서울특별시 노원구 공릉동 362-1번지 ,https://place.map.kakao.com/20741019,4,2,//t1.daumcdn.net/place/82DB6B20AAC4496D9F24B170439E7275,17
41,피자알볼로 공릉하계점,서울특별시 노원구 공릉동 362-1번지 ,https://place.map.kakao.com/21876088,1,1,//t1.daumcdn.net/place/B53278E035814835AEE1079EDEE524D1,17
42,명륜진사갈비 서울공릉점,서울특별시 노원구 공릉동 362-1번지 태평당약국 ,https://place.map.kakao.com/2015181783,2.4,15,//t1.daumcdn.net/place/158A20F996544E8A955DD7498509C1B5,17
43,대마에스시,서울특별시 노원구 공릉동 323-10번지 ,https://place.map.kakao.com/288510513,3.2,5,//t1.daumcdn.net/place/4E29F67A31EA458C9528408BBDD636E1,19
44,이박사왕돈까스,서울특별시 노원구 공릉동 492-8번지 ,https://place.map.kakao.com/16498930,3.5,11,//t1.daumcdn.net/place/F8193078BADE484AA33F6FCEB17696BE,21
45,고향집,서울특별시 노원구 공릉동 400-32번지 ,https://place.map.kakao.com/854757776,0,0,,19
46,곰배령전,서울특별시 노원구 공릉동 492-9,https://place.map.kakao.com/676787831,4,1,//t1.daumcdn.net/place/76BD83BF8A054FAD8BB20494611DF286,37
47,울산아구찜,서울특별시 노원구 공릉동 492-9번지 ,https://place.map.kakao.com/19949847,0,0,,21
48,춘보만두,서울특별시 노원구 공릉동 571-30번지 ,https://place.map.kakao.com/16055808,2.8,32,//t1.daumcdn.net/place/CCD5D251A86643E4A7CE1AC83E6C96DA,25
49,고기반햄반김치찌개 김치찜 공릉점,서울특별시 노원구 공릉동 492-3 서진프라자아파트,https://place.map.kakao.com/248534070,0,0,,22
50,매우당,서울특별시 노원구 공릉동 492-3번지 서진프라자아파트 ,https://place.map.kakao.com/2119726796,2,1,//t1.daumcdn.net/place/4F93CEF471824935A9F053B680AF8AA3,22
51,신종로빈대떡,서울특별시 노원구 공릉동 400-4 외 1필지 ,https://place.map.kakao.com/16767623,5,1,//t1.daumcdn.net/place/CC5E9BE020EE4681AA27E27F7150255E,18
52,그릭앤샌드 욤욤,서울특별시 노원구 공릉동 400-4 화랑공인중개사,https://place.map.kakao.com/1811206210,5,3,//t1.daumcdn.net/place/792187D85CE14FCA89CED599397CE450,18
53,네네치킨 공릉역점,서울특별시 노원구 공릉동 400-4 화랑공인중개사 ,https://place.map.kakao.com/997281152,3.7,3,//t1.daumcdn.net/place/24C6C5D7E87E4536B347899A90D0D86D,18
54,이박사복아구찜전문,서울특별시 노원구 공릉동 400-4번지 화랑공인중개사 ,https://place.map.kakao.com/709008839,0,0,,18
55,BBQ 공릉역점,서울특별시 노원구 공릉동 400-8 신한양아파트 ,https://place.map.kakao.com/550910445,5,10,//t1.daumcdn.net/localfiy/D8957D02328F4DFA95D565E8FF495D17,19
56,바로파스타&바로덮밥 공릉점,서울특별시 노원구 공릉동 400-8 신한양아파트 ,https://place.map.kakao.com/1340815102,0,0,//t1.daumcdn.net/place/9350AD90221C410A9FAF81730B6363BA,19
57,참치여라,서울특별시 노원구 공릉동 379-9 신대림아파트,https://place.map.kakao.com/614570625,5,3,//t1.daumcdn.net/place/1D6EB1C1EE0446E39EFD870DC7443414,18
58,번창,서울특별시 노원구 공릉동 571-9 ,https://place.map.kakao.com/1512318238,0,0,//t1.daumcdn.net/place/103B6F5C10C2476F87C2AC5EB3D9D1D9,23
59,동수네김밥,서울특별시 노원구 공릉동 571-9 1층,https://place.map.kakao.com/1915457679,5,1,//t1.kakaocdn.net/fiy_reboot/place/63D7FE9D53DD40AE9ADC5F51E494E5F6,23
60,세광식당,서울특별시 노원구 공릉동 400-27번지 ,https://place.map.kakao.com/16527131,2.7,3,,20
61,버거킹 공릉역점,서울특별시 노원구 공릉동 379-20 샘병원빌딩 지하11층 ,https://place.map.kakao.com/630873835,2.8,22,//t1.kakaocdn.net/fiy_reboot/place/40547D9A9A3A4788A2520BCAABE97646,18
62,호식이두마리치킨 공릉점,서울특별시 노원구 공릉동 400-3 곱창집 ,https://place.map.kakao.com/1539618262,0,0,//t1.daumcdn.net/place/F687B98D1582448B8566D80D8417C188,18
63,전주백반,서울특별시 노원구 공릉동 571-11번지 ,https://place.map.kakao.com/16329348,4.2,5,,23
64,행복한아구해물동태찜탕,서울특별시 노원구 공릉동 571-12번지 ,https://place.map.kakao.com/575568874,0,0,//t1.daumcdn.net/place/F1A0F5F5B7654BFD85655200693B7DE3,23
65,시골보신탕삼계탕,서울특별시 노원구 공릉동 493-3번지 ,https://place.map.kakao.com/11941936,4.8,4,,21
66,공릉동숯불고기백반 공릉본점,서울특별시 노원구 공릉동 400-1 102호,https://place.map.kakao.com/1919372171,0,0,//t1.daumcdn.net/place/2A1ADBDCE31647B4B6D929F290159E93,18
67,삼삼집,서울특별시 노원구 공릉동 400-1번지 ,https://place.map.kakao.com/16590861,0,0,,18
68,마린월드,서울특별시 노원구 공릉동 400-1번지 ,https://place.map.kakao.com/21447475,4.8,4,//t1.daumcdn.net/place/A31B9A43397D46BE913751387FF0846E,18
69,엄나무닭곰탕,서울특별시 노원구 공릉동 604-1번지 ,https://place.map.kakao.com/16736493,5,1,,27
70,추운돼지,서울특별시 노원구 공릉동 383-14번지 1층 전체 ,https://place.map.kakao.com/1422508761,4.3,4,//t1.kakaocdn.net/fiy_reboot/place/1A03A416E97745F3B41303A6C3BE97C1,18
71,피자나라치킨공주 서울공릉점,서울특별시 노원구 공릉동 400-14,https://place.map.kakao.com/26349555,3.8,4,//t1.daumcdn.net/place/552E2C10487B4B58A6083FED0FA54ABC,18
72,82wa솥뚜껑김치삼겹살&특수부위,서울특별시 노원구 공릉동 362-7 은진교회 2층 ,https://place.map.kakao.com/1709604684,4.7,3,,18
73,예촌손수제비,서울특별시 노원구 공릉동 362-7번지 은진교회 ,https://place.map.kakao.com/1142080205,4.6,8,,18
74,향토곱창,서울특별시 노원구 공릉동 383-18,https://place.map.kakao.com/16819810,2.5,8,//t1.kakaocdn.net/fiy_reboot/place/6D038291E701497997780E06D1044230,18
75,1988옛날통닭,서울특별시 노원구 공릉동 375-1번지 ,https://place.map.kakao.com/1447648375,0,0,,18
76,청정꼬막,서울특별시 노원구 공릉동 493-12,https://place.map.kakao.com/1154140033,3.5,2,//t1.daumcdn.net/place/17885A16B8C24C479935AE6C6BC9D140,22
77,청담족발,서울특별시 노원구 공릉동 493-12 1층,https://place.map.kakao.com/20036136,5,3,//t1.daumcdn.net/place/FF7591DEC6AF409C8EE520A65ABA36F8,22
78,소문난멸치국수,서울특별시 노원구 공릉동 571-16,https://place.map.kakao.com/13305804,3.4,58,//t1.daumcdn.net/place/FC6DD7F0317444EA8DD35414492587EF,24
79,압구정찌개마을 공릉본점,서울특별시 노원구 공릉동 383-17번지 ,https://place.map.kakao.com/20748457,4,8,//t1.daumcdn.net/place/CC5DE7D52D4D4757BF2437889766CB87,18
80,오케이삼겹살,서울특별시 노원구 공릉동 398-1번지 ,https://place.map.kakao.com/27515501,5,6,//t1.daumcdn.net/place/C63FD46C1AE24B7AAFD330F4087974D8,18
81,제일식당,서울특별시 노원구 공릉동 573-4,https://place.map.kakao.com/16051613,5,3,//t1.daumcdn.net/place/FC7A8455E99B465C903AF52F8912B6A9,25
82,장수멸치국수,서울특별시 노원구 공릉동 573-5,https://place.map.kakao.com/16080945,3,3,//t1.daumcdn.net/place/510A0D6F41AC472B9210E56B911BC899,25
83,"굽네치킨 공릉1,3동점",서울특별시 노원구 공릉동 573-20번지 1층 ,https://place.map.kakao.com/8220672,1.8,5,//t1.daumcdn.net/place/BFA3D5BC4013407DBDD590F005B011C7,25
84,유정집 공릉점,서울특별시 노원구 공릉동 573-22번지 유정음식점 1층 ,https://place.map.kakao.com/16875802,3.3,4,,26
85,땡큐불백,서울특별시 노원구 공릉동 738 우성아파트 상가동 101호102호,https://place.map.kakao.com/1565905734,5,6,//t1.kakaocdn.net/mystore/FE25B1DFDA18407CA7C2DC288AFAA400,16
86,잭아저씨 족발&보쌈 공릉점,서울특별시 노원구 공릉동 738 우성아파트 제상가동 1층 103호,https://place.map.kakao.com/456478515,5,2,//t1.daumcdn.net/place/4ABE538DD6AF4EBF87167EEAFFE1CF32,16
87,온고을 본점,서울특별시 노원구 공릉동 398-5 ,https://place.map.kakao.com/16472635,3.2,9,//t1.daumcdn.net/localad_thumb/t/f80cfbe3f9039ca52d0c5c746e965f2a45ebc003,17
88,서서방고깃집,서울특별시 노원구 공릉동 398-5번지 ,https://place.map.kakao.com/27379161,5,2,//t1.daumcdn.net/place/C49E220AA614424CA353860B6283BB6E,17
89,맛있는집,서울특별시 노원구 공릉동 398-13,https://place.map.kakao.com/16739543,0,0,,19
90,연옥이네,서울특별시 노원구 공릉동 398-13번지 ,https://place.map.kakao.com/550710801,0,0,,19
91,올스타 공릉하계점,서울특별시 노원구 공릉동 493-16 ,https://place.map.kakao.com/1919924028,0,0,,21
92,맘스밥스,서울특별시 노원구 공릉동 575-4번지 1층 ,https://place.map.kakao.com/27564483,4.7,6,,24
93,동강민물장어구이,서울특별시 노원구 공릉동 398-27 ,https://place.map.kakao.com/16819591,5,2,//t1.daumcdn.net/place/C36BF76F37EF4A298E06CA0058E53858,58
94,전주종가콩나물국밥 콩심 공릉역점,서울특별시 노원구 공릉동 398-27 ,https://place.map.kakao.com/669239906,3,2,,18
95,춘천중앙로숯불닭갈비,서울특별시 노원구 공릉동 398-27 ,https://place.map.kakao.com/1637489211,4.7,6,//t1.daumcdn.net/localfiy/searchregister_170914195,18
96,도토베르구이치킨 공릉점,서울특별시 노원구 공릉동 398-27번지 ,https://place.map.kakao.com/13495280,5,1,,18
97,공릉동멸치국수,서울특별시 노원구 공릉동 604-26번지 1층 ,https://place.map.kakao.com/21413715,3.4,11,//t1.daumcdn.net/place/75414AF2BFCA4765B5F7495FF3FCF982,27
98,백남옥손만두,서울특별시 노원구 공릉동 386-1 대경상운 ,https://place.map.kakao.com/2105282697,5,3,//t1.daumcdn.net/place/0227DDD73C044C72A14A8F7C7C11A707,16
99,꽃중년푸줏간,서울특별시 노원구 공릉동 398-25번지 1층 ,https://place.map.kakao.com/25085271,2.7,7,//t1.daumcdn.net/place/7F9BC408BE2D4DC7BC98B9461854ADE1,19
100,우아한식사,서울특별시 노원구 공릉동 604-28번지 선석빌딩 101호,https://place.map.kakao.com/276402644,0,0,,28
101,부자밥상,서울특별시 노원구 공릉동 604-35 플러스빌 ,https://place.map.kakao.com/1851363524,2.3,4,//t1.daumcdn.net/place/4BD507694B094A329917221A39860D8E,28
102,뽕신 공릉동점,서울특별시 노원구 공릉동 386-5번지 ,https://place.map.kakao.com/17247659,4.3,13,//t1.daumcdn.net/place/A0EC49B235114667ACD3D9AF43FF0FE6,17
103,던킨 화랑대역점,서울특별시 노원구 공릉동 386-5번지 1층 ,https://place.map.kakao.com/21035933,4.8,20,,25
104,대박멸치국수,서울특별시 노원구 공릉동 598-1,https://place.map.kakao.com/1461149521,2.3,3,//t1.daumcdn.net/place/13BAAF0C27CF4449AD12BF79C566CD09,31
105,구름에달가듯이,서울특별시 노원구 공릉동 598-1번지 ,https://place.map.kakao.com/662976385,0,0,//t1.kakaocdn.net/fiy_reboot/place/F1120CB9C17949C39336BBB772EFA4E7,26
106,방울이,서울특별시 노원구 공릉동 569-24 화성빌딩 ,https://place.map.kakao.com/47236112,0,0,,23
107,청초한방울,서울특별시 노원구 공릉동 569-24 화성빌딩 ,https://place.map.kakao.com/1844394059,0,0,,23
108,길동우동 공릉점,서울특별시 노원구 공릉동 386-6번지 ,https://place.map.kakao.com/959006328,3.4,11,//t1.daumcdn.net/place/238A4B4B4F51485885AAE64421B0E5DE,15
109,수돈재 공릉점,서울특별시 노원구 공릉동 386-6번지 ,https://place.map.kakao.com/1472202260,3.8,13,//t1.daumcdn.net/place/8FB65799A9864BDCA719FF56B45659AE,15
110,오늘손칼국수앤찜 공릉점,서울특별시 노원구 공릉동 386-6번지 2층 ,https://place.map.kakao.com/26418668,3.5,11,//t1.daumcdn.net/place/27E29AC7E1C841A48F54E7EF75077D0E,15
111,7일간의양심,서울특별시 노원구 공릉동 386-6번지 2층 ,https://place.map.kakao.com/118701285,4.1,15,//t1.daumcdn.net/place/91DADB6BFD3C4EFDBC3740062B305E79,15
112,24시멸치국수,서울특별시 노원구 공릉동 494-11 1층,https://place.map.kakao.com/16793977,4.5,6,//t1.daumcdn.net/place/F1375F1E8C2441D7B64448943E18112A,20
113,한촌설렁탕 공릉역점,서울특별시 노원구 공릉동 494-11번지 1층 ,https://place.map.kakao.com/23670872,2.2,11,//t1.daumcdn.net/place/2E229284C86B40F0938AF52B0DABBFEB,20
114,오투(O2),서울특별시 노원구 공릉동 494-11번지 301호 일부 (계단우측) ,https://place.map.kakao.com/515023972,0,0,,20
115,심원,서울특별시 노원구 공릉동 609-49번지 ,https://place.map.kakao.com/1154591892,4.7,6,//t1.daumcdn.net/place/DD72E67FB5D743A7B1220A3417D3ACD3,29
116,청학골,서울특별시 노원구 공릉동 395-1 1층 ,https://place.map.kakao.com/8580028,1.9,24,,16
117,남원추어탕,서울특별시 노원구 공릉동 684-20번지 ,https://place.map.kakao.com/16847626,0,0,//t1.daumcdn.net/place/D82A699DA2954FAA867CB45DF782BED2,30
118,굴다리 전주콩나물국밥,서울특별시 노원구 공릉동 366-1번지 1층 ,https://place.map.kakao.com/17209056,4.1,12,//t1.kakaocdn.net/fiy_reboot/place/808D8919F1AF463A857DC2BFF3580976,15
119,국수잔치,서울특별시 노원구 공릉동 609-15번지 ,https://place.map.kakao.com/679305297,4.5,2,//t1.daumcdn.net/place/F03FD67953FC416394B2A964507BE2ED,31
120,517낙지&아구,서울특별시 노원구 공릉동 568-27 1층 은성빌딩,https://place.map.kakao.com/1719397749,5,2,//t1.daumcdn.net/place/E18DCA4FD6D042DCB3ECBCC53E326B85,21
121,교촌치킨 공릉3호점,서울특별시 노원구 공릉동 568-27 은성빌딩 ,https://place.map.kakao.com/133919416,4,5,//t1.kakaocdn.net/mystore/7DCCB75013D8427C885D6483D6F72301,21
122,원조공릉곱창,서울특별시 노원구 공릉동 499-1번지 ,https://place.map.kakao.com/16056887,3.1,10,,17
123,새우꺾기,서울특별시 노원구 공릉동 499-1번지 ,https://place.map.kakao.com/14604459,3.3,4,//t1.daumcdn.net/place/B22CA4FFC68F46A8B3896AFDF517095D,17
124,공릉옥,서울특별시 노원구 공릉동 684-34번지 1층층 ,https://place.map.kakao.com/16648955,4.8,5,//t1.daumcdn.net/place/39D749F1946E4A2D8798707BF09A74A1,31
125,여우떡볶이,서울특별시 노원구 공릉동 576-1번지 ,https://place.map.kakao.com/21355812,0,0,,23
126,광성반점,서울특별시 노원구 공릉동 609-17번지 ,https://place.map.kakao.com/15377755,3.4,10,//t1.daumcdn.net/place/C09558606F3F45329CF42D055E614753,30
127,92생등심 공릉점,서울특별시 노원구 공릉동 568-19 1층,https://place.map.kakao.com/557103941,5,2,,23
128,뚜비뚜밥스,서울특별시 노원구 공릉동 499-3번지 1층 ,https://place.map.kakao.com/27367117,5,3,//t1.daumcdn.net/place/B0EC93187B3945EABED39DC2FA58FD2D,17
129,국민소곱창 공릉점,서울특별시 노원구 공릉동 499-41번지 ,https://place.map.kakao.com/2140415713,4.2,6,//t1.daumcdn.net/place/679E970BAAA1488D92D3C85EFDBCE043,9
130,현빈푸드,서울특별시 노원구 공릉동 576-2번지 ,https://place.map.kakao.com/2000527911,0,0,,23
131,더맛나곱창,서울특별시 노원구 공릉동 366-2번지 1층 ,https://place.map.kakao.com/26948094,4.6,12,//t1.kakaocdn.net/fiy_reboot/place/E944E138C1B745B9B189B2F9F3E5C2AB,14
132,북촌삼대갈비 공릉점,서울특별시 노원구 공릉동 386-8 1층 ,https://place.map.kakao.com/1815857305,5,1,//t1.daumcdn.net/place/2CEC759954D94A1583E111E86F3FB44C,15
133,멕시카나치킨 공릉점,서울특별시 노원구 공릉동 499-56번지 ,https://place.map.kakao.com/1025541485,3.7,6,,18
134,바뱅이 공릉점,서울특별시 노원구 공릉동 684-43번지 ,https://place.map.kakao.com/16442656,5,1,//t1.kakaocdn.net/fiy_reboot/place/BCF93F36A8114643B85A7B400FDC8055,32
135,불타는생고기 공릉점,서울특별시 노원구 공릉동 395-11번지 ,https://place.map.kakao.com/16790399,4.5,6,//t1.daumcdn.net/place/11D9B74C669C462280C5643CA9505904,8
136,칠백집서울껍데기 공릉점,서울특별시 노원구 공릉동 386-3번지 GS 25 ,https://place.map.kakao.com/2141756818,3.2,11,,14
137,코리엔탈깻잎두마리치킨 공릉점,서울특별시 노원구 공릉동 576-17 1층,https://place.map.kakao.com/2117596942,0,0,,25
138,할매순대국,서울특별시 노원구 공릉동 499-54번지 ,https://place.map.kakao.com/11624735,4.4,7,//t1.daumcdn.net/place/9F63803A26D84DAFBC1552EBE6FE234F,18
139,히딩크의추억,서울특별시 노원구 공릉동 513-1번지 ,https://place.map.kakao.com/1764230447,4.9,13,//t1.kakaocdn.net/fiy_reboot/place/F9EC915EEECE4B66B072C8A35C2E1E60,19
140,용경이네식당,서울특별시 노원구 공릉동 610-19,https://place.map.kakao.com/1979302139,0,0,,30
141,한끼의품격,서울특별시 노원구 공릉동 598-23,https://place.map.kakao.com/1194383606,0,0,,27
142,우애돈카츠 2호점,서울특별시 노원구 공릉동 598-23,https://place.map.kakao.com/911907418,4.3,8,//t1.daumcdn.net/place/4DBB8F67E5674CA78CEDD167FAFE55FE,27
143,고성전통잔치국수,서울특별시 노원구 공릉동 683-1,https://place.map.kakao.com/20740507,4,1,//t1.daumcdn.net/place/6CCFA1F2148241A0B49950B99E8A35F3,30
144,등이,서울특별시 노원구 공릉동 576-19번지 하이서울빌딩 ,https://place.map.kakao.com/16081476,0,0,,24
145,일상식당,서울특별시 노원구 공릉동 395-13 정일빌딩,https://place.map.kakao.com/1675570285,0,0,,14
146,헬로우키친,서울특별시 노원구 공릉동 395-13 정일빌딩 ,https://place.map.kakao.com/115360806,0,0,,14
147,칠형제우리감자탕,서울특별시 노원구 공릉동 576-18번지 1층 ,https://place.map.kakao.com/12370792,3.8,10,//t1.daumcdn.net/place/44C7C61D427346B195D94A9AE27A5DE8,24
148,진생갈비 김치찌개,서울특별시 노원구 공릉동 395-3 막국수,https://place.map.kakao.com/1250003996,0,0,,15
149,일번지 국수,서울특별시 노원구 공릉동 683-12,https://place.map.kakao.com/22874182,1,1,//t1.daumcdn.net/localfiy/BF33207DDAF84FDF9AD56C142106BAF7,31
150,화덕생선구이,서울특별시 노원구 공릉동 683-12,https://place.map.kakao.com/1657286099,0,0,,31
151,늘새찬,서울특별시 노원구 공릉동 517-30,https://place.map.kakao.com/1226156123,0,0,,19
152,롬브 노원,서울특별시 노원구 공릉동 395-4 에덴빌,https://place.map.kakao.com/631189533,0,0,//t1.kakaocdn.net/mystore/4380943CB40C43919066B7F6E83B5E30,15
153,씬머이,서울특별시 노원구 공릉동 683-25 ,https://place.map.kakao.com/1714903264,4.5,12,//t1.daumcdn.net/localfiy/7229D322A3A84F85AA2F79015CF60BB2,30
154,샐러디 태릉입구역점,서울특별시 노원구 공릉동 683-14 ,https://place.map.kakao.com/295607504,4.3,9,//t1.daumcdn.net/localfiy/searchregister_1843134922,31
155,롯데리아 공릉역점,서울특별시 노원구 공릉동 388-3번지 1층 ,https://place.map.kakao.com/12719942,2,14,,14
156,왔따쪽갈비 공릉점,서울특별시 노원구 공릉동 395-16 ,https://place.map.kakao.com/1170639399,0,0,,15
157,엄마손식당,서울특별시 노원구 공릉동 517-28,https://place.map.kakao.com/16706961,0,0,,19
158,공릉동떡볶이&롤초밥,서울특별시 노원구 공릉동 517-28 ,https://place.map.kakao.com/1124606974,0,0,//t1.daumcdn.net/place/357B089CF38F44B2A7497C747FD3A08F,19
159,강원한방오리옻닭,서울특별시 노원구 공릉동 567-5,https://place.map.kakao.com/16085792,0,0,,50
160,부여국밥,서울특별시 노원구 공릉동 567-5 ,https://place.map.kakao.com/365644539,0,0,,22
161,태백숯불갈비,서울특별시 노원구 공릉동 567-5번지 1층 ,https://place.map.kakao.com/21361521,0,0,//t1.daumcdn.net/place/498D4667BB9F4D379C271A3A2AAFC989,21
162,한근숯불닭갈비,서울특별시 노원구 공릉동 393-1 ,https://place.map.kakao.com/1471021785,3.9,11,//t1.daumcdn.net/localfiy/39B4845AC521498E96BFE6333A46C142,14
163,서오릉피자 공릉점,서울특별시 노원구 공릉동 393-1 ,https://place.map.kakao.com/1591277646,5,2,//t1.daumcdn.net/place/B2BCD1CEAA28489DB989B1F2E60C7490,14
164,경회루,서울특별시 노원구 공릉동 597-17번지 지하1층 ,https://place.map.kakao.com/18722630,0,0,//t1.daumcdn.net/localad_thumb/t/996141d9cf84ea7708f60255f0295ee1c3617683,26
165,돈까스짱,서울특별시 노원구 공릉동 577-1 ,https://place.map.kakao.com/2108389260,0,0,//t1.daumcdn.net/place/153A6B0CE8F241FAA20B1F002345B2A2,22
166,불사조,서울특별시 노원구 공릉동 577-1 한의학명가,https://place.map.kakao.com/189660872,2.5,2,,22
167,밥묵쟈,서울특별시 노원구 공릉동 517-23번지 ,https://place.map.kakao.com/227095433,0,0,,18
168,백소정 공릉점,서울특별시 노원구 공릉동 577-7 박현숙 소아청소년과,https://place.map.kakao.com/1514689637,3.1,31,//t1.kakaocdn.net/mystore/BD67CE5F79714692B5B716D96EDA7F52,22
169,샘터분식,서울특별시 노원구 공릉동 567-6번지 ,https://place.map.kakao.com/16879177,0,0,//t1.daumcdn.net/place/E80B6903974B4505A9F194F2782A0008,21
170,석천숯불갈비,서울특별시 노원구 공릉동 615-22번지 ,https://place.map.kakao.com/20748983,3.9,12,//t1.daumcdn.net/place/EC502FA54F2E4406B5C05AD625BA9E6A,27
171,핏짜굽는언니 공릉점,서울특별시 노원구 공릉동 431-4번지 ,https://place.map.kakao.com/21525800,3,45,//t1.daumcdn.net/place/DA34E91504284C3A93235E04650CCD9A,13
172,뭉탱이공릉숯불생고기,서울특별시 노원구 공릉동 577-10 공릉본점닭한마리 ,https://place.map.kakao.com/1524555814,4.4,7,//t1.daumcdn.net/place/B1756BEB56184911B00945B292DCD774,10
173,싹쓰리솥뚜껑김치삼겹살,서울특별시 노원구 공릉동 577-10번지 ,https://place.map.kakao.com/20747169,3.2,13,//t1.daumcdn.net/place/50B10C65B328482DB66458ADED33DE5D,23
174,싹쓰리솥뚜껑김치삼겹살,서울특별시 노원구 공릉동 577-10번지 2층 ,https://place.map.kakao.com/20747169,3.2,13,//t1.daumcdn.net/place/50B10C65B328482DB66458ADED33DE5D,23
175,동대문 닭한마리칼국수,서울특별시 노원구 공릉동 577-10번지 공릉본점닭한마리 1층 ,https://place.map.kakao.com/15823847,0,0,,18
176,매일식당,서울특별시 노원구 공릉동 577-19,https://place.map.kakao.com/16529713,0,0,//t1.daumcdn.net/place/6239DD1501E9403188913B78273AF01F,21
177,정담,서울특별시 노원구 공릉동 577-19 ,https://place.map.kakao.com/614881124,0,0,,21
178,족발야시장 공릉점,서울특별시 노원구 공릉동 388-4,https://place.map.kakao.com/1139111968,2.7,3,//t1.daumcdn.net/localfiy/167EBA623E9142AA81F014F0EEAB26BC,13
179,더줌,서울특별시 노원구 공릉동 388-4번지 ,https://place.map.kakao.com/1165242514,5,1,//t1.daumcdn.net/place/826AD0C58076402498A900E3F61BD07A,13
180,푸른 바다 찜탕,서울특별시 노원구 공릉동 577-17번지 ,https://place.map.kakao.com/1735992248,0,0,,22
181,소문난기사식당,서울특별시 노원구 공릉동 393-5,https://place.map.kakao.com/16268498,3.3,10,//t1.daumcdn.net/place/12D9F195D4314E0F99F4B904FDF443CA,13
182,마포생고기,서울특별시 노원구 공릉동 393-5 ,https://place.map.kakao.com/12991364,3.4,14,//t1.daumcdn.net/place/4AA5CFBD036D449CA8D116FDB8EDA570,14
183,북한강민물고기매운탕,서울특별시 노원구 공릉동 393-5번지 ,https://place.map.kakao.com/10460651,4.6,5,//t1.daumcdn.net/cfile/164145364F62DE9C01,13
184,싱싱오징어바다 과기대점,서울특별시 노원구 공릉동 393-5번지 1층 ,https://place.map.kakao.com/16330146,2.6,5,//t1.daumcdn.net/place/14D1C9EE5A924F40B96EBED71FD892E0,13
185,아이엠돈까스,서울특별시 노원구 공릉동 431-2 ,https://place.map.kakao.com/27404804,4,22,//t1.kakaocdn.net/fiy_reboot/place/4100DAF5E5844DB08509D27C223C443E,12
186,참맛감자탕,서울특별시 노원구 공릉동 388-5번지 ,https://place.map.kakao.com/773352732,4.2,5,//t1.daumcdn.net/place/6F1CDE66C4E14C14AFD1162BAE7F21CA,12
187,공덕관,서울특별시 노원구 공릉동 393-15번지 1 2층 ,https://place.map.kakao.com/16765207,2.3,22,//t1.daumcdn.net/cfile/1662183B4F62DFC617,13
188,전봇대연탄불막창구이,서울특별시 노원구 공릉동 388-6번지 지상1층 ,https://place.map.kakao.com/23106158,3.3,8,//t1.daumcdn.net/place/BED96DBDD53146E9A47D7016C27C3661,12
189,김용희참치,서울특별시 노원구 공릉동 596-12번지 1층 ,https://place.map.kakao.com/2025010123,2.8,8,//t1.daumcdn.net/place/E12FBF06151A4CEAAB3231EBBAB17022,25
190,모녀바지락칼국수,서울특별시 노원구 공릉동 617-1번지 102호,https://place.map.kakao.com/295945520,4.4,5,//t1.daumcdn.net/place/2B6D696559D943FCAFF2E21688700ED0,40
191,곰실집,서울특별시 노원구 공릉동 581-3번지 ,https://place.map.kakao.com/461296090,5,1,,23
192,신미방,서울특별시 노원구 공릉동 502-25,https://place.map.kakao.com/79841784,4,4,//t1.kakaocdn.net/fiy_reboot/place/979578A6F14046ACA3BDF7D1FEF1643D,14
193,BBQ 태능입구역점,서울특별시 노원구 공릉동 617-3 ,https://place.map.kakao.com/777437378,5,1,,26
194,공릉우동집,서울특별시 노원구 공릉동 392-1 ,https://place.map.kakao.com/16555583,3.3,26,//t1.daumcdn.net/place/FF1FACD0230B4CAE875783BBC3B45E76,12
195,도리연닭도리탕 공릉점,서울특별시 노원구 공릉동 392-1번지 ,https://place.map.kakao.com/630792117,4,3,//t1.kakaocdn.net/fiy_reboot/place/6E2C3B5762DE456182CBF28DE91B1C59,12
196,공도,서울특별시 노원구 공릉동 593-3번지 드림데시앙 103호,https://place.map.kakao.com/1675562479,3.5,20,//t1.kakaocdn.net/fiy_reboot/place/66E514047B4741FB9375E118499BD7D0,23
197,뜸들이다 공릉점,서울특별시 노원구 공릉동 581-2 동성상운주식회사 ,https://place.map.kakao.com/533958805,0,0,//t1.daumcdn.net/place/DA945C249732424AB16FBCC0349A0C83,22
198,밥꼬찜닭 공릉점,서울특별시 노원구 공릉동 581-2번지 동성상운주식회사 ,https://place.map.kakao.com/1649990116,0,0,//t1.daumcdn.net/place/5A77D414D20346F2B10754A5AA05A4E0,22
199,서울감자탕,서울특별시 노원구 공릉동 389-7번지 1층 ,https://place.map.kakao.com/655548773,4.3,16,//t1.daumcdn.net/place/6156AC00F26D4167B9A83A6C4C6F4ECE,13
200,도요남,서울특별시 노원구 공릉동 392-4 EnS빌딩,https://place.map.kakao.com/942230075,5,3,//t1.daumcdn.net/place/309319EB06A941FDB48081CBE45F0657,13
201,개기일식,서울특별시 노원구 공릉동 392-4번지 EnS빌딩 ,https://place.map.kakao.com/815490272,4.3,27,//t1.kakaocdn.net/fiy_reboot/place/AE99FAA515554ACA83B5E5D559A6475B,13
202,미가네,서울특별시 노원구 공릉동 617-16번지 ,https://place.map.kakao.com/15821746,0,0,,30
203,세상만사뼈다귀 태능역점,서울특별시 노원구 공릉동 617-6번지 오산빌딩 1층 ,https://place.map.kakao.com/13290871,3.2,5,//t1.daumcdn.net/place/7691A09BE876488D8E7A8348CFD7DA61,27
204,원조이모네연탄불곱창,서울특별시 노원구 공릉동 392-2,https://place.map.kakao.com/21412672,2.6,62,//t1.daumcdn.net/place/96DB9043D012425DBD3E1994ECE09306,12
205,가장맛있는족발 공릉역점,서울특별시 노원구 공릉동 392-2 1층,https://place.map.kakao.com/19856229,3.3,7,//t1.daumcdn.net/place/008B73826497488C8C9BA8AC13C76EC1,12
206,쌍둥이가원양꼬치,서울특별시 노원구 공릉동 392-2번지 송암빌딩 2층 ,https://place.map.kakao.com/1199098275,4.3,3,//t1.daumcdn.net/place/C57FCD27514240E08A1F42AC504123FC,12
207,본죽&비빔밥cafe 공릉원자력병원점,서울특별시 노원구 공릉동 617-7 ,https://place.map.kakao.com/11049842,5,2,,11
208,가마솥왕족발,서울특별시 노원구 공릉동 566-17번지 1층 ,https://place.map.kakao.com/15755383,5,3,//t1.daumcdn.net/cfile/11377D3D50C7AAE930,20
209,소담한,서울특별시 노원구 공릉동 389-17,https://place.map.kakao.com/477994413,0,0,//t1.daumcdn.net/place/4017B659FE3E4D2CAB2FCF1A7367EFD6,11
210,쭈꾸미도사,서울특별시 노원구 공릉동 389-17 ,https://place.map.kakao.com/1341566478,2.8,6,//t1.daumcdn.net/place/7763D27BD0A64DA694BC0F59A0E851A5,12
211,삼남매한식뷔페,서울특별시 노원구 공릉동 584-10 연세빌딩 ,https://place.map.kakao.com/748862366,3.4,5,//t1.kakaocdn.net/fiy_reboot/place/D3B4E12DA45540F1A6F59595B0293F0A,21
212,충주식당,서울특별시 노원구 공릉동 517-65,https://place.map.kakao.com/835492758,0,0,,19
213,유리네떡볶이,서울특별시 노원구 공릉동 513-47번지 1층 ,https://place.map.kakao.com/2077138790,4.6,15,,16
214,다선정,서울특별시 노원구 공릉동 593-22번지 ,https://place.map.kakao.com/16958984,4,1,,24
215,떡참 노원공릉점,서울특별시 노원구 공릉동 503-2,https://place.map.kakao.com/1429559811,3,2,,14
216,교촌치킨 공릉2호점,서울특별시 노원구 공릉동 461-1 ,https://place.map.kakao.com/1560569242,2,6,//t1.daumcdn.net/place/C63812DCC6A34D36A89AE0F651BFFC42,11
217,마인하우스,서울특별시 노원구 공릉동 461-1번지 ,https://place.map.kakao.com/1470657576,4.8,6,//t1.daumcdn.net/localfiy/41318438686D47819F57B176716A689C,13
218,온달네,서울특별시 노원구 공릉동 461-1번지 나동 1층호,https://place.map.kakao.com/21305214,4.6,7,//t1.daumcdn.net/place/82A917E9FB2E4712BC91601CF3FFA708,13
219,쉐프의그릴,서울특별시 노원구 공릉동 434-2 청교프라자,https://place.map.kakao.com/335275224,4,2,//t1.daumcdn.net/cfile/235C623557A99D2124,11
220,차이니S,서울특별시 노원구 공릉동 584-14,https://place.map.kakao.com/1929059297,0,0,,22
221,수제간장치킨깨비닭,서울특별시 노원구 공릉동 584-3번지 ,https://place.map.kakao.com/2035768884,4.8,5,//t1.daumcdn.net/place/1F789530448042D2A2C25B89E93F563A,20
222,본참치 태릉직영점,서울특별시 노원구 공릉동 617-18번지 1층 ,https://place.map.kakao.com/181738557,0,0,//t1.daumcdn.net/place/859706807C604199880E2A314164895A,27
223,쌤닭,서울특별시 노원구 공릉동 670-2번지 134호,https://place.map.kakao.com/735465452,4.7,3,,26
224,에그머니,서울특별시 노원구 공릉동 621-4,https://place.map.kakao.com/1826529353,4.3,58,//t1.daumcdn.net/place/19B9EEAD28BB42F0A83F437B1D86B0F3,26
225,진주푸드,서울특별시 노원구 공릉동 509-35 ,https://place.map.kakao.com/1077899909,0,0,,16
226,피자플래넷 태릉점,서울특별시 노원구 공릉동 509-35 ,https://place.map.kakao.com/109715159,5,2,,16
227,춘천닭갈비 서울과기대점,서울특별시 노원구 공릉동 392-27번지 ,https://place.map.kakao.com/16936111,4.9,17,//t1.daumcdn.net/place/F27D1310DC69416FADF3C27D7785B090,11
228,홍성아줌마 추어탕순대국,서울특별시 노원구 공릉동 621-5,https://place.map.kakao.com/19011349,1,1,,25
229,비스트로 무크,서울특별시 노원구 공릉동 509-37 동양빌딩 ,https://place.map.kakao.com/615571759,4.3,7,//t1.kakaocdn.net/fiy_reboot/place/BB673DF1E74A479583AEC5F3A861FD90,16
230,반올림피자샵 서울하계공릉점,서울특별시 노원구 공릉동 509-37번지 동양빌딩 ,https://place.map.kakao.com/1437439846,5,3,//t1.daumcdn.net/localfiy/E1DE83BA36DA47918345AD5E7BE54722,16
231,고윤김밥,서울특별시 노원구 공릉동 593-24번지 ,https://place.map.kakao.com/1466411045,3.8,5,//t1.kakaocdn.net/fiy_reboot/place/D3A0EE7A6BCC41B9BDA27FF4FCF5359E,24
232,피자하우스,서울특별시 노원구 공릉동 437-4 공릉동비발디캐슬 ,https://place.map.kakao.com/935177242,5,1,,12
233,샹츠마라,서울특별시 노원구 공릉동 437-4 공릉동비발디캐슬 ,https://place.map.kakao.com/139212943,3.9,15,//t1.daumcdn.net/place/9ED2B53D9BF3405C829712AB37D57717,11
234,밥은화,서울특별시 노원구 공릉동 437-4번지 공릉동비발디캐슬 101동 1102호,https://place.map.kakao.com/110917805,4.3,3,//t1.kakaocdn.net/fiy_reboot/place/FEE9F3F265334EF9972F0093445BA4E3,12
235,닭사랑,서울특별시 노원구 공릉동 437-4번지 비발디캐슬 101동 B1106 ,https://place.map.kakao.com/13572680,4,3,,12
236,명문대,서울특별시 노원구 공릉동 389-11번지 ,https://place.map.kakao.com/724570590,4,3,//t1.daumcdn.net/place/8B11744275144E58AC604FC003BB9DB2,11
237,가람맛집,서울특별시 노원구 공릉동 585-1 1층,https://place.map.kakao.com/869145937,0,0,,20
238,만두장성,서울특별시 노원구 공릉동 585-1번지 ,https://place.map.kakao.com/1339676000,3.6,19,//t1.daumcdn.net/place/FE32DD3C119E498089BF3569A4927081,20
239,BHC치킨 공릉역점,서울특별시 노원구 공릉동 435-2 중앙빌딩,https://place.map.kakao.com/1570517199,1.7,6,//t1.daumcdn.net/place/88A4D4DA5C7748E682C28F034F094BD5,10
240,응급실국물떡볶이 서울공릉점,서울특별시 노원구 공릉동 435-2 중앙빌딩 ,https://place.map.kakao.com/1945697503,3,6,//t1.daumcdn.net/place/FBFDC3CB1F774E1180532E9E5B4421F4,10
241,장터솥단지삼겹살,서울특별시 노원구 공릉동 435-2번지 ,https://place.map.kakao.com/16051542,5,3,//t1.daumcdn.net/localad_thumb/t/62cdc27285ddfb85dfeb1418de2a96231bd3ca4f,10
242,맥도날드 과학기술대점,서울특별시 노원구 공릉동 435-2번지 123층 ,https://place.map.kakao.com/26518032,2.1,21,//t1.daumcdn.net/place/8E4FB94EA4E847F88E1978A42F38ACC9,10
243,디에트로,서울특별시 노원구 공릉동 566-41 ,https://place.map.kakao.com/1114860504,5,7,//t1.daumcdn.net/place/BBE6788E48804122AE1B272B05C198E4,18
244,굿피자파스타,서울특별시 노원구 공릉동 566-40 ,https://place.map.kakao.com/1256504413,0,0,//t1.daumcdn.net/place/0DA292D37ACD42FDA4C5B907885D6168,18
245,76족보닭,서울특별시 노원구 공릉동 566-21 ,https://place.map.kakao.com/705330039,0,0,//t1.daumcdn.net/place/4C76EFDA648B48EFBE093A7968274785,19
246,해성식당생선구이,서울특별시 노원구 공릉동 566-21 ,https://place.map.kakao.com/1854176146,0,0,,19
247,공릉동원조소머리국밥,서울특별시 노원구 공릉동 566-20 공릉상가 ,https://place.map.kakao.com/1540459495,0,0,,19
248,깨비순살닭강정,서울특별시 노원구 공릉동 566-20번지 ,https://place.map.kakao.com/21528534,5,2,,19
249,서울마님죽 공릉동점,서울특별시 노원구 공릉동 566-20번지 공릉상가 1층 104호,https://place.map.kakao.com/1164424844,0,0,//t1.daumcdn.net/place/44D5083456694125AB7FB2A7E4C45911,19
250,치킨이어라 공릉점,서울특별시 노원구 공릉동 556-15 ,https://place.map.kakao.com/1466145430,3,2,,18
251,지동 공릉2호점,서울특별시 노원구 공릉동 503-26 ,https://place.map.kakao.com/1568288259,3,7,//t1.daumcdn.net/place/B867C246CA0E42EF9C11E78DDB78BC77,12
252,무봉리토종순대국 공릉점,서울특별시 노원구 공릉동 389-9번지 화랑빌딩 1층 ,https://place.map.kakao.com/1741509421,3,7,//t1.daumcdn.net/place/1FEA3A72C52C4402B525EA44DB5BC619,11
253,맛닭꼬 태릉입구역점,서울특별시 노원구 공릉동 670-20 노원 프레미어스 엠코,https://place.map.kakao.com/382003282,4.7,3,//t1.kakaocdn.net/fiy_reboot/place/266E061993974D0695D904ECDFDB9B40,27
254,떡볶이에밥볶아,서울특별시 노원구 공릉동 670-20 노원 프레미어스 엠코 ,https://place.map.kakao.com/279210614,4.6,9,//t1.daumcdn.net/place/03A6A5CC6643414C8B1149AEF32CCD4D,26
255,고소미부엌 태릉입구역점,서울특별시 노원구 공릉동 670-20 노원 프레미어스 엠코 ,https://place.map.kakao.com/907289520,3.6,17,//t1.daumcdn.net/localfiy/430AB9625CE74781B53596CC6812DED2,28
256,수카츠,서울특별시 노원구 공릉동 670-20 노원 프레미어스 엠코 ,https://place.map.kakao.com/418699147,5,20,//t1.kakaocdn.net/fiy_reboot/place/49E964E8B09C43A08F8F6C7043E184CD,27
257,수준이다른치킨,서울특별시 노원구 공릉동 670-20번지 노원 프레미어스 엠코 ,https://place.map.kakao.com/411498769,5,2,,26
258,울림초밥,서울특별시 노원구 공릉동 670-20번지 노원 프레미어스 엠코 101동 102호,https://place.map.kakao.com/1838950627,4.3,9,//t1.kakaocdn.net/mystore/7E3070B737164B499E01E540C4AFFD3A,27
259,포메인 태릉입구역점,서울특별시 노원구 공릉동 670-20번지 노원 프레미어스 엠코 102동 125호,https://place.map.kakao.com/1777382698,3.3,6,//t1.daumcdn.net/place/F6B183C842134437ACC0E1E42B125939,27
260,돔펠리체 (휴업중),서울특별시 노원구 공릉동 670-20번지 노원프레미어스엠코 102동 126호,https://place.map.kakao.com/630027049,4,5,//t1.daumcdn.net/localfiy/E246E2C3781243928F1A0BEEE12BD5CE,26
261,르번미 태릉점,서울특별시 노원구 공릉동 670-20번지 노원프레미어스엠코 102동 128호,https://place.map.kakao.com/1010932244,3.8,20,//t1.daumcdn.net/place/7657BEFC366248B9851B943AF32CF456,26
262,이가참치,서울특별시 노원구 공릉동 670-20번지 엠코상가 102동 217B호,https://place.map.kakao.com/1669762562,5,7,//t1.daumcdn.net/cfile/2375A741572D9E5931,27
263,엄마마음점심한끼,서울특별시 노원구 공릉동 670-20 노원 프레미어스 엠코 ,https://place.map.kakao.com/1511716231,5,1,,28
264,이삭토스트 태릉입구역점,서울특별시 노원구 공릉동 670-20 노원 프레미어스 엠코 101동 106호,https://place.map.kakao.com/261752724,3.7,3,,28
265,리틀파스타 공릉본점,서울특별시 노원구 공릉동 392-25번지 지상2층 ,https://place.map.kakao.com/19693976,3.4,13,//t1.daumcdn.net/place/C73476EA8C404EFAAB3BA41AFFEDCD18,11
266,멍텅구리즉석떡볶이 공릉점,서울특별시 노원구 공릉동 439-2번지 ,https://place.map.kakao.com/27515257,2.8,24,//t1.daumcdn.net/place/2CC5527B59FF488CB0F55A5AF2AF1B26,11
267,홍가부대찌개,서울특별시 노원구 공릉동 437-2번지 ,https://place.map.kakao.com/26609492,4.5,4,,11
268,장충왕족발,서울특별시 노원구 공릉동 392-24,https://place.map.kakao.com/11165434,0,0,//t1.daumcdn.net/place/396E7BD9A23042EC933C4B1BE94131BA,30
269,바른치킨 공릉점,서울특별시 노원구 공릉동 392-20 ,https://place.map.kakao.com/1475973298,5,1,//t1.daumcdn.net/place/F6AD5AE5322048E69F645719E6C4B289,12
270,이태리철판 서울과학기술대학교점,서울특별시 노원구 공릉동 438-2,https://place.map.kakao.com/1953703405,0,0,,11
271,청교옥,서울특별시 노원구 공릉동 438-2 ,https://place.map.kakao.com/88388237,3.8,71,//t1.kakaocdn.net/mystore/A47D6B2345FE49C8A325EAB47722DB3E,11
272,사나이뚝배기 서울과기대점,서울특별시 노원구 공릉동 438-2번지 ,https://place.map.kakao.com/1220610994,4,10,//t1.daumcdn.net/place/7BC1839D783143ED865D14BA61E41599,11
273,지지고 과기대점,서울특별시 노원구 공릉동 438-2번지 나동 ,https://place.map.kakao.com/26460508,4.9,10,,11
274,나보나,서울특별시 노원구 공릉동 557-1 ,https://place.map.kakao.com/1999858035,4.7,16,//t1.daumcdn.net/place/07C042F817124908B8B2D4F81D36402A,16
275,하랑이네,서울특별시 노원구 공릉동 561-5,https://place.map.kakao.com/690397525,5,1,,19
276,산들바다,서울특별시 노원구 공릉동 670-7번지 2층 ,https://place.map.kakao.com/1232150620,1.8,9,//t1.daumcdn.net/localfiy/searchregister_98555329,27
277,참만나,서울특별시 노원구 공릉동 670-7번지 3층 ,https://place.map.kakao.com/20749857,4.4,13,//t1.daumcdn.net/place/C35B0CC1982A40F29F40E6EF7104E411,27
278,아소코 공릉점,서울특별시 노원구 공릉동 509-41 ,https://place.map.kakao.com/2013086833,3.2,42,//t1.daumcdn.net/localfiy/searchregister_645889300,16
279,달토끼의떡볶이흡입구역 공릉점,서울특별시 노원구 공릉동 561-10,https://place.map.kakao.com/1901050554,5,2,//t1.daumcdn.net/place/D071AAABB1144E45AA8A625AAAE8AD52,19
280,세겹먹는날,서울특별시 노원구 공릉동 440-18번지 ,https://place.map.kakao.com/21413860,4.3,4,//t1.daumcdn.net/place/6FF797085DA24305AA5BE4E41AF3BEEE,10
281,한마당,서울특별시 노원구 공릉동 440-18번지 ,https://place.map.kakao.com/1524274927,0,0,,10
282,김치만선생,서울특별시 노원구 공릉동 440-18번지 ,https://place.map.kakao.com/1525414592,3,2,//t1.daumcdn.net/place/D856BC44BAA24B20851AE54791EE58D6,10
283,곱창마루,서울특별시 노원구 공릉동 440-18번지 ,https://place.map.kakao.com/305275857,5,2,//t1.daumcdn.net/place/ABF784E9D68C4A6CAC429F89E2492CE8,10
284,숲속왕돈까스,서울특별시 노원구 공릉동 440-18번지 2층 ,https://place.map.kakao.com/20748264,3.6,9,//t1.daumcdn.net/place/2EC3B87953004CA8BE1638DA76AA7A67,10
285,추운돼지삼겹살 공릉점,서울특별시 노원구 공릉동 504-20번지 1층 ,https://place.map.kakao.com/1563510748,3.3,7,,12
286,궁안뜰,서울특별시 노원구 공릉동 440-11 ,https://place.map.kakao.com/2025183820,0,0,//t1.daumcdn.net/place/AE2F4D32E3024A71A50F75ED06C64844,11
287,중국집,서울특별시 노원구 공릉동 440-11번지 2층 ,https://place.map.kakao.com/1482296127,3.8,12,//t1.daumcdn.net/place/A44309F736A1498CA184212A25BC2ACC,13
288,맘스터치 과기대점,서울특별시 노원구 공릉동 440-16 2층,https://place.map.kakao.com/26896937,1.6,16,//t1.daumcdn.net/place/25A7D62203EF44DEA267BFCC1276FB64,10
289,60계 서울공릉점,서울특별시 노원구 공릉동 440-16 도곡빌딩,https://place.map.kakao.com/2088794819,3.3,6,,10
290,오렌지몽키파스타앤 마르코죤스피자,서울특별시 노원구 공릉동 440-16 도곡빌딩 ,https://place.map.kakao.com/937745460,0,0,,10
291,옆집떡볶이,서울특별시 노원구 공릉동 440-16 도곡빌딩 1층 ,https://place.map.kakao.com/1116191670,5,1,,10
292,요거프레소 공릉2호점,서울특별시 노원구 공릉동 440-16번지 ,https://place.map.kakao.com/18765921,5,4,//t1.kakaocdn.net/fiy_reboot/place/7908FD37225548BFB15ECDCBD89CCBF1,19
293,몽키 본점,서울특별시 노원구 공릉동 440-16번지 ,https://place.map.kakao.com/27322570,4.1,7,//t1.daumcdn.net/localfiy/791AA1C9A63B4E63A65E84C340272A0B,10
294,한솥도시락 서울과학기술대앞점,서울특별시 노원구 공릉동 440-16번지 1층 ,https://place.map.kakao.com/26500659,1.2,6,//t1.daumcdn.net/place/F71EC16CFFB74B5492DB00C30654FB8F,10
295,일상다반,서울특별시 노원구 공릉동 504-28,https://place.map.kakao.com/27325995,2.9,47,//t1.daumcdn.net/place/5C73DC2A4BB54C22B2E6F468D06383D5,12
296,호치킨 공릉점,서울특별시 노원구 공릉동 745 동신아파트 ,https://place.map.kakao.com/26102164,3.7,7,//t1.daumcdn.net/place/2AC8C174D9D744349AC07DD84BAFD50B,10
297,동대문엽기떡볶이 공릉점,서울특별시 노원구 공릉동 745 동신아파트 102동상가 204호,https://place.map.kakao.com/14589157,1,8,//t1.daumcdn.net/place/BCD1A79B6E4A4B26A27182C4BA804220,9
298,더진국 공릉점,서울특별시 노원구 공릉동 745 동신아파트 상가A동 102호105호,https://place.map.kakao.com/27442494,2.7,10,//t1.daumcdn.net/place/C361DB9D89624B4DB266E7321A09DB4E,10
299,네코정,서울특별시 노원구 공릉동 745번지 201호,https://place.map.kakao.com/1422521863,3.7,12,//t1.daumcdn.net/place/964CE7DCC2844068AE8CB123B785A87A,10
300,내가찜한닭 과기대점,서울특별시 노원구 공릉동 745번지 동신상가 ,https://place.map.kakao.com/27104254,4.4,5,//t1.daumcdn.net/place/07B51D3676BB49019B750BE82FC2C6A2,9
301,치즈밥있슈,서울특별시 노원구 공릉동 745번지 동신아파트 102동 107호,https://place.map.kakao.com/16062316,4.9,12,,9
302,오븐에빠진닭 공릉점,서울특별시 노원구 공릉동 745번지 동신아파트 2층 102동 2023호,https://place.map.kakao.com/22105854,5,3,//t1.daumcdn.net/place/E3DC76463A8543AE8A1726364AB75F72,9
303,소문날라,서울특별시 노원구 공릉동 745번지 동신아파트상가 102동 106호,https://place.map.kakao.com/16413693,2.5,2,//t1.daumcdn.net/place/BDA7DEEBF47C4AF8A5AA2D944791B16C,9
304,크앙분식 과기대점,서울특별시 노원구 공릉동 745번지 동신아파트상가 104110호 ,https://place.map.kakao.com/2107374617,3.5,4,//t1.daumcdn.net/place/980042BE72B04C8EAD896A01FEA37557,9
305,맛보면못참치,서울특별시 노원구 공릉동 745번지 동신아파트상가 202호,https://place.map.kakao.com/27442498,5,1,//t1.daumcdn.net/place/9CFD373D087743CF8867B06215BEF87A,10
306,밥아저씨 공릉점,서울특별시 노원구 공릉동 561-12 ,https://place.map.kakao.com/1901105626,0,0,,18
307,떡볶이는튀김빨 본점,서울특별시 노원구 공릉동 440-10,https://place.map.kakao.com/627299209,0,0,//t1.daumcdn.net/place/B32EE52F907B437E8FF46151876205D8,10
308,주니숯불꼬치,서울특별시 노원구 공릉동 440-10번지 ,https://place.map.kakao.com/19900336,5,1,//t1.kakaocdn.net/fiy_reboot/place/172DCA2DAFC54CDD9473459AF691D949,10
309,봉구스밥버거 서울과기대점,서울특별시 노원구 공릉동 440-10번지 지상1층 ,https://place.map.kakao.com/19139581,3,3,,10
310,루이스버거 공릉점,서울특별시 노원구 공릉동 441-92번지 ,https://place.map.kakao.com/1753610905,2.4,25,//t1.daumcdn.net/place/46AB5EA3E71347F3920F428E97D51E48,10
311,화덕피자주는 부대찌개 공릉점,서울특별시 노원구 공릉동 441-92번지 ,https://place.map.kakao.com/996150330,1,1,//t1.daumcdn.net/place/C825A1024A71474A9FBB941B45EA6E86,10
312,아리랑핫도그 과학기술대점,서울특별시 노원구 공릉동 441-1번지 1층 ,https://place.map.kakao.com/1789621701,5,2,,9
313,배떡 공릉점,서울특별시 노원구 공릉동 441-145 용마빌딩 ,https://place.map.kakao.com/733592081,0,0,//t1.daumcdn.net/place/2F73A77352F247DE939408914F8F898F,9
314,홍콩반점0410 태릉입구역점,서울특별시 노원구 공릉동 661-1 ,https://place.map.kakao.com/1629570399,5,1,//t1.kakaocdn.net/fiy_reboot/place/30DA8B677F644536AB47E6E1693F85AE,25
315,명이칼국수,서울특별시 노원구 공릉동 561-35 본향성결교회 ,https://place.map.kakao.com/1645227763,5,1,,18
316,소문난순대족발,서울특별시 노원구 공릉동 561-35 외 1필지 6호,https://place.map.kakao.com/22407032,4.3,6,//t1.daumcdn.net/place/C0345DF477A24801A744D606E18C676A,18
317,가는김에,서울특별시 노원구 공릉동 441-59 ,https://place.map.kakao.com/603906455,0,0,,10
318,장미삼계탕 태릉본점,서울특별시 노원구 공릉동 661-2번지 지상1층 ,https://place.map.kakao.com/8054925,0,0,,26
319,자담치킨 서울공릉점,서울특별시 노원구 공릉동 590-3 ,https://place.map.kakao.com/27608724,5,5,//t1.daumcdn.net/place/3A66CA8F28DC4B759D0E14D91E9E47B5,22
320,소소한식객,서울특별시 노원구 공릉동 590-3 ,https://place.map.kakao.com/1320321123,0,0,,22
321,페리카나 월계삼호점,서울특별시 노원구 공릉동 506-36번지 ,https://place.map.kakao.com/8616938,0,0,,33
322,이츠초밥,서울특별시 노원구 공릉동 661-4번지 우성빌딩 ,https://place.map.kakao.com/1296338001,4.4,23,//t1.daumcdn.net/place/1505379266464C2D856485997AE8AA8C,26
323,오름제주고기 본점,서울특별시 노원구 공릉동 441-136번지 1층 ,https://place.map.kakao.com/903435269,2.6,13,//t1.daumcdn.net/place/A0A275D44B8D4963BB422F5F54558B62,9
324,전주식당,서울특별시 노원구 공릉동 661-3번지 북부포커스빌 101호 ,https://place.map.kakao.com/14491785,4,1,,19
325,와! 9이닭,서울특별시 노원구 공릉동 752 광덕아파트,https://place.map.kakao.com/167979184,0,0,//t1.daumcdn.net/place/37CD9D8B988A4AEBB26BFB2BDD04DC9E,19
326,도깨비정육식당,서울특별시 노원구 공릉동 752번지 광덕상가 101호,https://place.map.kakao.com/20284503,5,1,//t1.daumcdn.net/place/C332230D1A9041C18AB36A7D08495083,18
327,금자탑,서울특별시 노원구 공릉동 752번지 광덕아파트 상가 103호 ,https://place.map.kakao.com/21240357,0,0,,18
328,기린,서울특별시 노원구 공릉동 441-18번지 ,https://place.map.kakao.com/270488437,4.2,20,//t1.daumcdn.net/place/D5CD84D974324DFA84F6C6F3529078AE,8
329,우리할매떡볶이 가재울점,서울특별시 노원구 공릉동 561-20 ,https://place.map.kakao.com/1940208491,4.5,13,//t1.kakaocdn.net/fiy_reboot/place/4A23D9A3199D434CB67B9B7DECD595BE,18
330,현주식당,서울특별시 노원구 공릉동 590-4,https://place.map.kakao.com/16326399,0,0,,22
331,로지스시 공릉점,서울특별시 노원구 공릉동 441-152번지 2층 ,https://place.map.kakao.com/27473705,3.8,23,//t1.daumcdn.net/place/A51B56EEF62A482DB7F74BB9BB123A61,9
332,피자스쿨 공릉점,서울특별시 노원구 공릉동 441-152번지 1층 ,https://place.map.kakao.com/8136049,3.5,8,//t1.daumcdn.net/place/3B87AD69421748F0AB460AE17ADC5412,9
333,킴밥,서울특별시 노원구 공릉동 633-3번지 ,https://place.map.kakao.com/1889754472,0,0,,22
334,제일콩집,서울특별시 노원구 공릉동 633-18번지 제일빌딩 12층 ,https://place.map.kakao.com/8083654,3.7,72,,24
335,플렉스버거,서울특별시 노원구 공릉동 441-26 오성빌딩,https://place.map.kakao.com/754311770,4,22,//t1.daumcdn.net/place/771D47CC0B4B409E920E8D499FBCCA80,9
336,국민소곱창 공릉점,서울특별시 노원구 공릉동 441-26번지 공간팬시 ,https://place.map.kakao.com/2140415713,4.2,6,//t1.daumcdn.net/place/679E970BAAA1488D92D3C85EFDBCE043,9
337,이정림수제햄부대찌개,서울특별시 노원구 공릉동 441-19 세림빌딩 ,https://place.map.kakao.com/381875424,4.2,5,//t1.daumcdn.net/place/0E48BD0DCCFF4BBD9A3DAEC79290A69F,8
338,부어치킨 공릉점,서울특별시 노원구 공릉동 441-19번지 103호 ,https://place.map.kakao.com/1371833231,4,5,//t1.daumcdn.net/place/03A539090DC34FFAAFA5F60F16D4B4C7,8
339,써브웨이 공릉점,서울특별시 노원구 공릉동 441-19번지 세림빌딩 ,https://place.map.kakao.com/19658550,3.1,19,//t1.daumcdn.net/place/EC8743E7B4F144DB9710057E4DDCF9F4,8
340,샐러디 태릉입구역점,서울특별시 노원구 공릉동 561-21 ,https://place.map.kakao.com/295607504,4.3,9,//t1.daumcdn.net/localfiy/searchregister_1843134922,31
341,샌드위치날에,서울특별시 노원구 공릉동 587-6 ,https://place.map.kakao.com/1347466197,4.3,6,//t1.daumcdn.net/place/D37286E3426944F392C8590D12327526,19
342,팬시버거클럽,서울특별시 노원구 공릉동 350-22,https://place.map.kakao.com/2134430556,5,8,//t1.daumcdn.net/place/77F38B77BF6C4DEFA73A1A62A23A880F,14
343,장수해물칼국수,서울특별시 노원구 공릉동 661-16번지 ,https://place.map.kakao.com/13594099,3.8,8,//t1.daumcdn.net/place/D94C1EA5E7E749E2A0988415C43C613D,22
344,BHC치킨 태릉입구점,서울특별시 노원구 공릉동 633-11번지 ,https://place.map.kakao.com/26580341,1.9,16,//t1.daumcdn.net/place/357EEF40E39646A3846C28F21CF63E82,22
345,와우곱창,서울특별시 노원구 공릉동 633-13번지 ,https://place.map.kakao.com/16736657,5,4,,22
346,육공판 공릉점,서울특별시 노원구 공릉동 633-4번지 1층 ,https://place.map.kakao.com/1218434284,3.5,8,,23
347,웰빙왕십리곱창,서울특별시 노원구 공릉동 208-18번지 ,https://place.map.kakao.com/21331942,3.7,7,//t1.daumcdn.net/place/E21AC014BFFA4E05A3496BE376B843AD,8
348,쪼매매운떡볶이 공릉점,서울특별시 노원구 공릉동 208-18번지 ,https://place.map.kakao.com/16703995,4.5,93,//t1.daumcdn.net/place/5FCB7A07D44F49CE9201882903065128,7
349,와플대학 공릉캠퍼스,서울특별시 노원구 공릉동 208-18번지 ,https://place.map.kakao.com/545955001,1.4,10,//t1.daumcdn.net/place/EF386A10399C4AEC9161C90A839DFA27,7
350,라화방마라탕,서울특별시 노원구 공릉동 208-18번지 ,https://place.map.kakao.com/315578128,4.3,6,//t1.daumcdn.net/place/389EFE2A1FB64D80A8274B5D95E7BD88,8
351,예고집황태칼국수왕돈까스,서울특별시 노원구 공릉동 208-18번지 1층8호 ,https://place.map.kakao.com/20746802,0,0,//t1.kakaocdn.net/mystore/C52B7EB9C9CF4E5B98E2D0620A04F20F,7
352,명랑핫도그 과기대점,서울특별시 노원구 공릉동 208-18번지 1층 6호,https://place.map.kakao.com/645382156,4.5,2,,8
353,보딩샐러드키친,서울특별시 노원구 공릉동 441-25번지 ,https://place.map.kakao.com/2015002492,5,1,//t1.daumcdn.net/place/2307593A455A4591BBD6B5E95709FFBC,9
354,맛닭꼬 과기대점,서울특별시 노원구 공릉동 441-25번지 1층 ,https://place.map.kakao.com/197307079,4,6,//t1.daumcdn.net/place/71CE2AD1A11643C7A4AD63D73CB43471,9
355,열화철판,서울특별시 노원구 공릉동 441-25번지 2층 ,https://place.map.kakao.com/174772884,3,4,,9
356,암사골숯불닭갈비,서울특별시 노원구 공릉동 633-15 ,https://place.map.kakao.com/222214468,4.9,8,//t1.kakaocdn.net/mystore/24D925D73AC04AE0958CA6DAF0D4E4BE,24
357,연탄이네,서울특별시 노원구 공릉동 633-15 ,https://place.map.kakao.com/1364871976,0,0,//t1.daumcdn.net/place/5C8BB1EEAADC4E3E913D7236D96378F5,24
358,장자방,서울특별시 노원구 공릉동 633-15 경동상가,https://place.map.kakao.com/1981437173,5,1,//t1.kakaocdn.net/fiy_reboot/place/F18374583F5B4D1E8DF622A6FA644462,23
359,김밥나라 태능점,서울특별시 노원구 공릉동 633-15번지 ,https://place.map.kakao.com/21412771,0,0,,23
360,공릉동 최고집순대국,서울특별시 노원구 공릉동 633-15번지 경동상가 ,https://place.map.kakao.com/490043220,4.3,6,//t1.daumcdn.net/place/8A0CAB6B10654F9A8D87FA8B034DAC97,24
361,오봉집 공릉점,서울특별시 노원구 공릉동 633-17 성종빌딩 ,https://place.map.kakao.com/1276431978,4.1,30,//t1.kakaocdn.net/mystore/7FF32A97CAD34E2688260658143A734C,23
362,태릉풍천장어,서울특별시 노원구 공릉동 661-7번지 ,https://place.map.kakao.com/1653381358,3,10,//t1.daumcdn.net/place/C59E88F4D66F44FEB94E3D823F59D4B2,25
363,이나닭강정 공릉점,서울특별시 노원구 공릉동 589-13 1층 ,https://place.map.kakao.com/1502942494,5,1,,21
364,더진국 공릉점,서울특별시 노원구 공릉동 661-8번지 ,https://place.map.kakao.com/27442494,2.7,10,//t1.daumcdn.net/place/C361DB9D89624B4DB266E7321A09DB4E,10
365,육평,서울특별시 노원구 공릉동 338-46,https://place.map.kakao.com/300297301,1,1,//t1.daumcdn.net/place/19C194D14B7E4B9789FBCBE9ABB78450,18
366,오닭꼬치 공릉점,서울특별시 노원구 공릉동 338-46번지 1층 ,https://place.map.kakao.com/57920887,2.8,10,//t1.daumcdn.net/place/8D23E8ABA1AC449591ACD12A2B5E2E7A,18
367,불타는생고기 공릉점,서울특별시 노원구 공릉동 424-2번지 1층 ,https://place.map.kakao.com/16790399,4.5,6,//t1.daumcdn.net/place/11D9B74C669C462280C5643CA9505904,8
368,샐러디 공릉점,서울특별시 노원구 공릉동 424-2 ,https://place.map.kakao.com/1135559208,4,4,,8
369,태릉양꼬치양갈비,서울특별시 노원구 공릉동 644-7 1층,https://place.map.kakao.com/1016347969,4.3,13,//t1.daumcdn.net/place/1EA1889D0386477281817ED89147191E,23
370,하수분초밥집,서울특별시 노원구 공릉동 351-21번지 ,https://place.map.kakao.com/16528461,0,0,,23
371,롤리드펌킨,서울특별시 노원구 공릉동 351-28,https://place.map.kakao.com/1867139384,4.8,4,//t1.kakaocdn.net/mystore/7D36AAD5507C49B7B5863854B781A5C3,17
372,파파존스 공릉점,서울특별시 노원구 공릉동 661-9번지 ,https://place.map.kakao.com/1852022788,1.8,4,//t1.daumcdn.net/place/EE059CCC80444D4B8B0B26D8BCDEF362,25
373,코쿠카츠,서울특별시 노원구 공릉동 644-1,https://place.map.kakao.com/1990997404,4.6,8,//t1.kakaocdn.net/fiy_reboot/place/C4E490926A6240D0AC64449DE3CB5CDE,22
374,대박소갈비살,서울특별시 노원구 공릉동 644-1번지 ,https://place.map.kakao.com/24482507,5,3,//t1.daumcdn.net/place/1E601F7218D94B13A59C9595D732E4BF,22
375,육회왕자연어공주 공릉점,서울특별시 노원구 공릉동 424-3 ,https://place.map.kakao.com/896022892,5,1,//t1.daumcdn.net/place/77D30AB5ECE44A5CA40BE25A48F32A07,9
376,왕짜장,서울특별시 노원구 공릉동 424-3번지 ,https://place.map.kakao.com/11648405,2,5,//t1.daumcdn.net/place/449A69CE2E9446AA85D27B45FA304908,9
377,경성초밥,서울특별시 노원구 공릉동 589-21번지 이지스퀘어 좌측호,https://place.map.kakao.com/1169910256,4.8,49,//t1.kakaocdn.net/fiy_reboot/place/1C971F46878C4412A90B43277FAED375,21
378,왕손이네,서울특별시 노원구 공릉동 661-14 서울동아의원 ,https://place.map.kakao.com/1091533637,5,1,,24
379,최군우동 태릉본점,서울특별시 노원구 공릉동 661-14번지 ,https://place.map.kakao.com/374887617,4.4,8,//t1.daumcdn.net/place/27950B5B829D4B079559AED6D2AAC9F2,24
380,육회란연어다,서울특별시 노원구 공릉동 644-16,https://place.map.kakao.com/645167940,2.3,6,//t1.daumcdn.net/place/3FF3DD63D2224DE0BA0CE3EC746AD281,23
381,암사골숯불닭갈비,서울특별시 노원구 공릉동 661-13번지 지상1층 ,https://place.map.kakao.com/222214468,4.9,8,//t1.kakaocdn.net/mystore/24D925D73AC04AE0958CA6DAF0D4E4BE,24
382,맷돌즉석빈대떡,서울특별시 노원구 공릉동 644-17 ,https://place.map.kakao.com/16906266,0,0,//t1.daumcdn.net/place/E1E9E93061EB4C4ABE29D0D44C206A75,23
383,순살만공격 노원공릉점,서울특별시 노원구 공릉동 644-17 ,https://place.map.kakao.com/924198510,0,0,,23
384,외백,서울특별시 노원구 공릉동 661-11번지 ,https://place.map.kakao.com/1825150470,4.1,12,//t1.daumcdn.net/place/46DF0ED940244FC8876B165A66DBEAFE,24
385,춘리마라탕 공릉점,서울특별시 노원구 공릉동 424-8 유성빌딩 ,https://place.map.kakao.com/2064157302,4.9,8,//t1.daumcdn.net/place/DC89EB76E586440ABD4777E8D66509B8,9
386,구어돈 공릉점,서울특별시 노원구 공릉동 424-8 유성빌딩 104호,https://place.map.kakao.com/1801485835,0,0,,9
387,BBQ 공릉점,서울특별시 노원구 공릉동 424-8번지 ,https://place.map.kakao.com/22519176,1.8,5,,9
388,아빠의파스타,서울특별시 노원구 공릉동 351-1 서로퍼스트빌 ,https://place.map.kakao.com/2029815873,4.6,14,//t1.daumcdn.net/place/ADB29730D6704D948074A4ABCAC9D434,16
389,기찻길풍경야채곱창,서울특별시 노원구 공릉동 351-1 서로퍼스트빌 1층 105호,https://place.map.kakao.com/1137642618,3.2,34,//t1.daumcdn.net/place/C8C38CBC7D2E4B94932C30EA61BC8F19,16
390,요리사의 길,서울특별시 노원구 공릉동 644-22번지 ,https://place.map.kakao.com/1918064650,0,0,,22
391,토리쿠,서울특별시 노원구 공릉동 644-49 이룸 빌딩 ,https://place.map.kakao.com/1830150124,2,12,//t1.daumcdn.net/place/8FB420EB098E4D76905022F0CE421BFF,24
392,변산소머리국밥,서울특별시 노원구 공릉동 349-9번지 (공릉로39길 18-1) ,https://place.map.kakao.com/19434128,5,2,//t1.daumcdn.net/place/95E6103A0002453DA308EDBC146C7278,15
393,스시쟁이,서울특별시 노원구 공릉동 424-4 ,https://place.map.kakao.com/21766457,2.9,19,//t1.daumcdn.net/localfiy/F4BF86A2C6A64059B9C3062FCD36CD28,9
394,오늘은강정,서울특별시 노원구 공릉동 424-4번지 1층 ,https://place.map.kakao.com/14809734,3.5,8,//t1.daumcdn.net/place/6DC4486DE5ED47CA959DC7EC54C880DA,9
395,로지다이닝키친,서울특별시 노원구 공릉동 408-125번지 ,https://place.map.kakao.com/395667039,4.2,20,//t1.daumcdn.net/place/ED78518EB8D84DFD9278AA6495F5B181,12
396,하노이별 공릉점,서울특별시 노원구 공릉동 338-61 ,https://place.map.kakao.com/19010252,3.4,17,//t1.daumcdn.net/place/72E45367CC374FD6B80C423F5F670AB3,18
397,돈까스회관 공릉점,서울특별시 노원구 공릉동 705 ,https://place.map.kakao.com/229652101,3,1,//t1.daumcdn.net/place/2F63785CB7C14BF398708F2C99B79FBC,7
398,우리국수,서울특별시 노원구 공릉동 705 동부아파트,https://place.map.kakao.com/540855279,0,0,,49
399,바이루시아,서울특별시 노원구 공릉동 705번지 동부(아) 상가동 106호,https://place.map.kakao.com/1305441074,5,1,//t1.daumcdn.net/place/0F652AEAF49F4A5281A8820E9CEB1CB8,8
400,참치세상,서울특별시 노원구 공릉동 705번지 동부아파트 상가 102호,https://place.map.kakao.com/24064837,4.6,7,//t1.daumcdn.net/place/A9E3E8C92E094A99980EE461CF0282DF,8
401,진돈,서울특별시 노원구 공릉동 653-4 1층 ,https://place.map.kakao.com/32758007,5,1,//t1.daumcdn.net/place/F61FA56BA2EB4C1E891535C58DA77B4A,24
402,원조강영숙봉평메밀촌 본점,서울특별시 노원구 공릉동 441-91 ,https://place.map.kakao.com/17223169,4.5,22,//t1.daumcdn.net/place/C452D7ECAA58424F9B616C5ABB719996,10
403,자가제빵선명희피자 공릉점,서울특별시 노원구 공릉동 415-56 ,https://place.map.kakao.com/1140199930,4.9,10,//t1.kakaocdn.net/fiy_reboot/place/09E0C54FE824437C976F7FA84E04CAAD,14
404,알러이,서울특별시 노원구 공릉동 408-1번지 102호,https://place.map.kakao.com/1682005121,4.7,42,//t1.daumcdn.net/place/2C56507ADD984EFEA45E3AD628858195,12
405,노다지보신탕 공릉동점,서울특별시 노원구 공릉동 351-2번지 주완위즈빌 103호,https://place.map.kakao.com/27322418,1,2,,16
406,복쓰부,서울특별시 노원구 공릉동 208-24 ,https://place.map.kakao.com/1067983447,4.3,4,//t1.daumcdn.net/localfiy/49CE32869CD74E01AC6937A7E2DD830D,9
407,피엠푸드,서울특별시 노원구 공릉동 208-24번지 ,https://place.map.kakao.com/660238789,0,0,,8
408,이삭토스트 공릉점,서울특별시 노원구 공릉동 208-24번지 102호,https://place.map.kakao.com/1909784336,3.3,7,//t1.daumcdn.net/place/3A32D9146A5F4890815D92031661A8E7,9
409,뭉탱이공릉숯불생고기,서울특별시 노원구 공릉동 441-98 ,https://place.map.kakao.com/1524555814,4.4,7,//t1.daumcdn.net/place/B1756BEB56184911B00945B292DCD774,10
410,춘천중앙로숯불닭갈비,서울특별시 노원구 공릉동 441-98번지 B동 ,https://place.map.kakao.com/1637489211,4.7,6,//t1.daumcdn.net/localfiy/searchregister_170914195,18
411,쇠뿔정육식당 공릉점,서울특별시 노원구 공릉동 644-64 1층,https://place.map.kakao.com/17909124,4.6,10,//t1.daumcdn.net/place/CEB516A0BE7049749029EDEE3EBDE0F9,24
412,백세마인보쌈 공릉본점,서울특별시 노원구 공릉동 408-4번지 건설빌딩 1층 ,https://place.map.kakao.com/1315949532,4.4,11,//t1.daumcdn.net/place/548BE83027474BB588FF737D92C4B444,11
413,도미노피자 공릉점,서울특별시 노원구 공릉동 653-5번지 ,https://place.map.kakao.com/7832883,3.1,7,//t1.daumcdn.net/place/B7BB16649AFE4B70AECA024A1035E27C,25
414,범피버거,서울특별시 노원구 공릉동 415-58 ,https://place.map.kakao.com/2038251139,0,0,//t1.daumcdn.net/place/42151F8FD08449FEA1888738F6814A7F,15
415,또래오래 노원공릉점,서울특별시 노원구 공릉동 415-58번지 ,https://place.map.kakao.com/7850223,5,1,,15
416,초원갈비,서울특별시 노원구 공릉동 408-138번지 한빛고시원 ,https://place.map.kakao.com/1799187515,0,0,,12
417,강나루유황오리주물럭 제1본점,서울특별시 노원구 공릉동 408-138번지 한빛고시원 1층 ,https://place.map.kakao.com/16061965,3.7,3,//t1.daumcdn.net/place/12CF03627F8247C1AA89AA68355082A9,12
418,할머니옛날보리쌈밥,서울특별시 노원구 공릉동 336-3번지 ,https://place.map.kakao.com/9643836,4.7,13,//t1.daumcdn.net/place/30675665A34B4736B2229F6078AC453E,18
419,경복식당,서울특별시 노원구 공릉동 740 대아아파트 상가 102호,https://place.map.kakao.com/16414503,4.6,126,//t1.kakaocdn.net/fiy_reboot/place/39DB52C9E9464D2C9E40A95F656F3171,16
420,용문각,서울특별시 노원구 공릉동 415-62번지 ,https://place.map.kakao.com/9277533,5,1,//t1.daumcdn.net/place/0965E19CD15842B0855B8FD730B0A95A,15
421,앞마을생고기,서울특별시 노원구 공릉동 338-25번지 ,https://place.map.kakao.com/18421459,5,2,//t1.daumcdn.net/place/AA3AF1A10D7F43508C56A184041CA5B4,18
422,공릉순두부,서울특별시 노원구 공릉동 420-3번지 ,https://place.map.kakao.com/1720615518,3.1,9,,9
423,교촌치킨 공릉1호점,서울특별시 노원구 공릉동 338-6 102호,https://place.map.kakao.com/1133851831,1.4,18,//t1.daumcdn.net/place/65F3743CAA8945E98D90E7320A316ABD,17
424,차차,서울특별시 노원구 공릉동 338-6 영남빌딩 ,https://place.map.kakao.com/721590559,4.9,16,//t1.daumcdn.net/place/53164A3DDBD244868802666B7575074F,17
425,퍼스트쿡카츠,서울특별시 노원구 공릉동 415-53 ,https://place.map.kakao.com/4268754,4.6,21,//t1.kakaocdn.net/mystore/643477B7FE6546BEADC150CBF4F09089,14
426,미스터피자 공릉점,서울특별시 노원구 공릉동 411-16 ,https://place.map.kakao.com/7882371,1.8,4,,15
427,세친구곱창,서울특별시 노원구 공릉동 408-6,https://place.map.kakao.com/1646474328,2.6,5,//t1.daumcdn.net/place/8E52195854174F74839943FD5EAB1BEE,11
428,돌판생고기,서울특별시 노원구 공릉동 408-6 ,https://place.map.kakao.com/496147202,4,4,//t1.daumcdn.net/place/2DCC43A5889D4C6DB78F25ACD3C7C611,11
429,김가네찜칼국수,서울특별시 노원구 공릉동 408-6 토마토유치원 ,https://place.map.kakao.com/536237723,4.9,11,//t1.kakaocdn.net/mystore/D5D5A374ECB44A98B757EE13C544A255,12
430,싸다김밥,서울특별시 노원구 공릉동 408-6번지 104호,https://place.map.kakao.com/1385352415,2,7,//t1.daumcdn.net/place/153E8D1A79F94A448559B0C4E20B6848,41
431,소망숯불갈비,서울특별시 노원구 공릉동 411-10번지 ,https://place.map.kakao.com/12042712,5,8,//t1.daumcdn.net/place/44E4445656734A31A35E9D9F8C395232,15
432,치킨마루 원자력병원점,서울특별시 노원구 공릉동 420-6번지 ,https://place.map.kakao.com/17529513,3.6,5,,11
433,달토끼의떡볶이흡입구역 공릉점,서울특별시 노원구 공릉동 333-13 1층 ,https://place.map.kakao.com/1901050554,5,2,//t1.daumcdn.net/place/D071AAABB1144E45AA8A625AAAE8AD52,19
434,신우정,서울특별시 노원구 공릉동 422-2번지 1층 ,https://place.map.kakao.com/16051361,0,0,,10
435,도쿄식탁,서울특별시 노원구 공릉동 422-2번지 301호,https://place.map.kakao.com/1208428590,2.7,3,//t1.daumcdn.net/localfiy/C1BBA0C7BB59440CA11BC0039A9AAF11,10
436,광수육회 공릉점,서울특별시 노원구 공릉동 345-3 ,https://place.map.kakao.com/1456243336,5,1,//t1.daumcdn.net/place/9830139F3F3D40D583E8D468259A0117,15
437,도로시파스타연정 공릉점,서울특별시 노원구 공릉동 345-3 ,https://place.map.kakao.com/1486417447,5,1,//t1.daumcdn.net/place/3FF7C92414F14539A7ECA5F78CB4D7A9,16
438,이런씨불닭발,서울특별시 노원구 공릉동 345-3 외 1필지 제2호 104호호,https://place.map.kakao.com/767037599,5,4,//t1.daumcdn.net/place/2BD74A0A515C405D83DBABFF5D037686,16
439,구공탄친구들,서울특별시 노원구 공릉동 345-3번지 ,https://place.map.kakao.com/324387369,0,0,//t1.daumcdn.net/place/C6C1A0C4EAC44267A407065D47C8CDDB,16
440,샤맛고,서울특별시 노원구 공릉동 345-3 ,https://place.map.kakao.com/307629130,0,0,,16
441,"여기,꼬치네",서울특별시 노원구 공릉동 411-9번지 ,https://place.map.kakao.com/1343681679,3.9,9,//t1.daumcdn.net/place/535CAF082B3C48A0BF5EC353553AC3FE,15
442,본죽&비빔밥cafe 공릉원자력병원점,서울특별시 노원구 공릉동 421-19 현대프라자,https://place.map.kakao.com/11049842,5,2,,11
443,부대집며느리,서울특별시 노원구 공릉동 421-19 현대프라자 ,https://place.map.kakao.com/147474345,5,6,//t1.kakaocdn.net/fiy_reboot/place/B5DB1CEC0FAB40A3BADB2B1F1212A96A,10
444,리틀하노이 공릉점,서울특별시 노원구 공릉동 421-19 현대프라자 ,https://place.map.kakao.com/1100024549,0,0,,11
445,미소야 공릉점,서울특별시 노원구 공릉동 421-19번지 현대프라자 105호 ,https://place.map.kakao.com/7889776,1,4,,10
446,화로상회 공릉점,서울특별시 노원구 공릉동 421-19번지 현대프라자 111호,https://place.map.kakao.com/1677550004,4.5,10,//t1.daumcdn.net/place/99406E6EFE584FCC9E12E646725AAD3B,11
447,스시락 2호점,서울특별시 노원구 공릉동 238-48번지 ,https://place.map.kakao.com/26838619,4.6,13,//t1.daumcdn.net/place/50A7097F08DC4FE09B1BDBE5486A95D6,17
448,인차이나,서울특별시 노원구 공릉동 411-4번지 1층 ,https://place.map.kakao.com/26861724,3.3,21,//t1.daumcdn.net/place/A7E4C4C0FED34CD4867F000DC9A8AD1A,14
449,페페그라노,서울특별시 노원구 공릉동 333-16 ,https://place.map.kakao.com/2026803402,3.9,52,//t1.daumcdn.net/place/46575C80C99A43569536E24ACD31A41A,20
450,등촌샤브칼국수 공릉점,서울특별시 노원구 공릉동 408-8번지 ,https://place.map.kakao.com/1368613255,4.9,26,//t1.daumcdn.net/place/9978C69EE33344949307FCC9B239B781,12
451,알촌,서울특별시 노원구 공릉동 412-28번지 ,https://place.map.kakao.com/1255536834,2.3,3,//t1.daumcdn.net/place/0C3C28D313AD494D8985E99FD7122F7B,16
452,세븐돈까스김밥 공릉점,서울특별시 노원구 공릉동 413-3번지 ,https://place.map.kakao.com/20611650,2.3,3,//t1.daumcdn.net/place/50F112B4355B4FD89CBEC28412751D6E,13
453,우리동네,서울특별시 노원구 공릉동 412-29번지 ,https://place.map.kakao.com/1458912385,0,0,//t1.daumcdn.net/place/0AA2F6CBA8A54F95AD1B2DA94E8DE542,16
454,쪼매매운떡볶이 공릉점,서울특별시 노원구 공릉동 412-30 ,https://place.map.kakao.com/16703995,4.5,93,//t1.daumcdn.net/place/5FCB7A07D44F49CE9201882903065128,7
455,남원골추어탕,서울특별시 노원구 공릉동 412-30번지 ,https://place.map.kakao.com/12565431,3.5,2,//t1.daumcdn.net/place/B6AEA43900E542B38D62AABA26F22FD2,15
456,광주한양식당,서울특별시 노원구 공릉동 421-17번지 ,https://place.map.kakao.com/16270263,3.7,6,//t1.daumcdn.net/place/96E0C197D0A84F54B2529B4D62A97755,10
457,신전떡볶이 공릉점,서울특별시 노원구 공릉동 238-47번지 ,https://place.map.kakao.com/27135946,4.6,9,//t1.daumcdn.net/place/9D3EA195C0A6441C8B72210697828997,17
458,큰집닭강정 태릉점,서울특별시 노원구 공릉동 238-47번지 (공릉로38길 6) ,https://place.map.kakao.com/24265751,4.8,8,,17
459,청년감자탕순대국 공릉점,서울특별시 노원구 공릉동 412-31,https://place.map.kakao.com/1020469951,5,5,//t1.kakaocdn.net/fiy_reboot/place/569CEAF3FF0249118D53AA78B46BA1E4,15
460,753베이글비스트로,서울특별시 노원구 공릉동 645-18,https://place.map.kakao.com/1225101632,5,4,//t1.kakaocdn.net/mystore/8460BE3FC4914E1B807A2CBCC9CF5C6F,24
461,육회퐁당,서울특별시 노원구 공릉동 340-15 베에스다피아노학원 ,https://place.map.kakao.com/850819115,0,0,,17
462,딸만셋냉면 공릉점,서울특별시 노원구 공릉동 340-15번지 ,https://place.map.kakao.com/16299128,3.7,3,//t1.daumcdn.net/place/0C6681382A474C97BB0AF2AFB043E9AD,17
463,횡성한우정육백화점,서울특별시 노원구 공릉동 345-1번지 ,https://place.map.kakao.com/20746565,4.6,21,//t1.daumcdn.net/cfile/216E6E4E578C5DA818,15
464,동대문 닭한마리칼국수,서울특별시 노원구 공릉동 238-42번지 ,https://place.map.kakao.com/15823847,0,0,,18
465,강남푸드,서울특별시 노원구 공릉동 172 서울과학기술대학교,https://place.map.kakao.com/1819474392,0,0,,12
466,안시성,서울특별시 노원구 공릉동 653-20번지 12층 ,https://place.map.kakao.com/16906789,2.2,19,//t1.daumcdn.net/place/518B6BF6A65F45B88230010C6B6988F6,25
467,본도시락 공릉점,서울특별시 노원구 공릉동 421-15번지 47 윤탁노블레스 103호,https://place.map.kakao.com/21656576,4,1,,11
468,땡불초닭발,서울특별시 노원구 공릉동 412-21번지 ,https://place.map.kakao.com/24902377,5,1,//t1.daumcdn.net/place/1B258595786D4249B7227B64B890CA3B,15
469,"광어한마리15,000원",서울특별시 노원구 공릉동 412-32 ,https://place.map.kakao.com/847464019,5,1,//t1.daumcdn.net/place/388D152388234564A099685E7517E88D,15
470,황토닭갈비,서울특별시 노원구 공릉동 412-36번지 1층 ,https://place.map.kakao.com/185218264,5,2,//t1.daumcdn.net/place/3006C39668284D24B7FF4C8261E5CB7F,14
471,공릉동멸치국수,서울특별시 노원구 공릉동 240-20,https://place.map.kakao.com/19834267,5,1,//t1.daumcdn.net/place/33876BAFB1DE46CCB2331A36E89F24D6,20
472,김가네 공릉점,서울특별시 노원구 공릉동 238-36,https://place.map.kakao.com/458248540,2.5,4,//t1.daumcdn.net/place/232EAA9AC68D4570A3420FC78C71B8A8,17
473,청계천8가삼성곱창,서울특별시 노원구 공릉동 238-63번지 ,https://place.map.kakao.com/23107625,4.3,8,//t1.daumcdn.net/place/3F8218E96CAD47099C906D86B4905451,17
474,지코바 공릉점,서울특별시 노원구 공릉동 411-26,https://place.map.kakao.com/1236525854,5,3,//t1.daumcdn.net/place/1389658134D047598B57D21EA8B2CA1F,14
475,홍어횟집,서울특별시 노원구 공릉동 223-12번지 ,https://place.map.kakao.com/16847766,5,1,//t1.daumcdn.net/place/440CCEFAFEA84BAD97A2694FA3E99238,13
476,솔직하다,서울특별시 노원구 공릉동 412-20 ,https://place.map.kakao.com/1708210110,3.9,15,//t1.daumcdn.net/localfiy/2B6C8E373A40422C968853D023E62076,15
477,깜닭이야치킨 공릉본점,서울특별시 노원구 공릉동 238-32 ,https://place.map.kakao.com/1324770763,4.6,5,//t1.daumcdn.net/localfiy/01A394AB9482471A9ACA326E52CE4B01,19
478,피자메카 공릉점,서울특별시 노원구 공릉동 649-4 ,https://place.map.kakao.com/27092518,0,0,,25
479,하우돈곱창,서울특별시 노원구 공릉동 240-72,https://place.map.kakao.com/1152346496,4.5,4,,20
480,엄마손김밥,서울특별시 노원구 공릉동 223-15번지 ,https://place.map.kakao.com/20748268,5,5,,13
481,7번가피자 공릉점,서울특별시 노원구 공릉동 240-18번지 1층 ,https://place.map.kakao.com/409637551,5,8,//t1.daumcdn.net/place/7ACFE6F16857426389B15DD07E4485E8,20
482,삼청동만둣국,서울특별시 노원구 공릉동 269-6 ,https://place.map.kakao.com/1451430732,0,0,,21
483,햇살머믄꼬마김밥,서울특별시 노원구 공릉동 238-9 1층 ,https://place.map.kakao.com/925768395,5,6,,18
484,둘둘치킨 공릉점,서울특별시 노원구 공릉동 238-21번지 ,https://place.map.kakao.com/16051445,4.2,5,,18
485,푸라닭치킨 공릉점,서울특별시 노원구 공릉동 754 공릉삼익2차아파트상가 201동 106호,https://place.map.kakao.com/832467869,3.7,3,//t1.daumcdn.net/place/2CD60A3CA1994C009E6E9B1B978899E7,12
486,지호한방삼계탕 공릉점,서울특별시 노원구 공릉동 754 삼익2차아파트 상가동 202 203호,https://place.map.kakao.com/9434466,4.3,3,//t1.kakaocdn.net/fiy_reboot/place/4AD8DCC2E78C4F45ADCC43E06226A123,12
487,주주돈가,서울특별시 노원구 공릉동 754번지 공릉삼익2차아파트 ,https://place.map.kakao.com/837966358,5,1,//t1.daumcdn.net/place/3868F2971668470EAB2B08E046FBCA78,12
488,주세프명인,서울특별시 노원구 공릉동 238-20번지 예림하이빌 1층 ,https://place.map.kakao.com/1368136086,4.5,6,//t1.daumcdn.net/place/903134C857A34035BC0931D66B159686,18
489,히토사라,서울특별시 노원구 공릉동 270-63 ,https://place.map.kakao.com/714985582,5,2,//t1.daumcdn.net/place/1E41C4FCC44B4499A33588C0903C1D89,24
490,LA갈비찜닭,서울특별시 노원구 공릉동 329-28번지 ,https://place.map.kakao.com/251781921,0,0,,23
491,카우보이치킨 공릉점,서울특별시 노원구 공릉동 248-8 서광빌딩 ,https://place.map.kakao.com/1603117922,0,0,//t1.daumcdn.net/localfiy/searchregister_1529271939,19
492,처갓집양념치킨 공릉점,서울특별시 노원구 공릉동 270-70 ,https://place.map.kakao.com/26783547,5,6,,25
493,떡깨비 공릉점,서울특별시 노원구 공릉동 737번지 삼익아파트 ,https://place.map.kakao.com/1841105278,0,0,//t1.daumcdn.net/place/31A2816193664D4A89FFE6C5D1599EA7,12
494,맘스터치 피자앤치킨 화랑대역점,서울특별시 노원구 공릉동 240-220 상진빌리지,https://place.map.kakao.com/1624205739,5,1,//t1.daumcdn.net/place/C2AE228C3F8D4AFC8DFD2FEF48BE1602,24
495,웰빙곱창,서울특별시 노원구 공릉동 240-223번지 1층 ,https://place.map.kakao.com/25550171,3.7,3,,24
496,두레통닭 화랑대역점,서울특별시 노원구 공릉동 240-225 ,https://place.map.kakao.com/743173468,4.8,4,//t1.daumcdn.net/place/4A1FA511A17D406B90AEC824412C4205,24
497,더핏짜 공릉점,서울특별시 노원구 공릉동 240-235,https://place.map.kakao.com/342370460,0,0,//t1.kakaocdn.net/fiy_reboot/place/E215374FB9A04241866951F7693D92E6,25
498,던킨 화랑대역점,서울특별시 노원구 공릉동 240-250번지 지상1층 지하1층 ,https://place.map.kakao.com/21035933,4.8,20,,25
499,소풍가는날,서울특별시 노원구 공릉동 81번지 태강아파트지하상가B-102(공릉로34길38-0) ,https://place.map.kakao.com/536718138,0,0,,22
500,피자스쿨 화랑대역점,서울특별시 노원구 공릉동 89-1 대덕프라자118호 ,https://place.map.kakao.com/13275460,2.9,8,//t1.daumcdn.net/place/A8DB23904277409AAC95EBF00B043126,25
501,이삭토스트 서울여대점,서울특별시 노원구 공릉동 89-1번지 대덕프라자 111호 ,https://place.map.kakao.com/9913290,2.2,10,//t1.daumcdn.net/place/020F04034B1E42BC929E910298A6B24B,26
502,치킨마루 화랑대점,서울특별시 노원구 공릉동 89-1번지 대덕프라자 112호 ,https://place.map.kakao.com/25969677,3.7,3,//t1.daumcdn.net/place/CB24B34D29884F1BA5115403844E937B,26
503,스시오사카,서울특별시 노원구 공릉동 89-1번지 대덕프라자 115호,https://place.map.kakao.com/27460688,0,0,//t1.daumcdn.net/place/7EB97A22FFF14BA8A764BBDBA80A4BF2,26
504,오달자샤브퀸,서울특별시 노원구 공릉동 89-1번지 대덕프라자 210211호 ,https://place.map.kakao.com/286192011,3,2,,26
505,본죽&비빔밥cafe 화랑대역점,서울특별시 노원구 공릉동 89-1 대덕프라자 104 ,https://place.map.kakao.com/15896682,5,6,//t1.daumcdn.net/localfiy/72DF915CB93D4DC7B2B1C6F8DC16E8AB,26
506,봉구스밥버거 화랑대역점,서울특별시 노원구 공릉동 89-1번지 ,https://place.map.kakao.com/22115342,4.5,4,//t1.daumcdn.net/place/4CA000115B4B4BC09BC3076E299AB440,25
507,죠스떡볶이 화랑대역점,서울특별시 노원구 공릉동 89-1번지 대덕프라자 103호 ,https://place.map.kakao.com/19791023,3.6,9,//t1.daumcdn.net/place/5BF8224BD5454270B564289DB28C92F1,26
508,스카이푸드,서울특별시 노원구 공릉동 90 공릉9단지청솔아파트 ,https://place.map.kakao.com/2097599339,0,0,,27
509,화랑대곱창,서울특별시 노원구 공릉동 90번지 청솔아파트 상가동 101호 ,https://place.map.kakao.com/16064536,4.1,11,//t1.daumcdn.net/place/15CBEDBB11454C968AE825A25C116C9D,27
510,수연멸치국수,서울특별시 노원구 공릉동 90-4 1층 102호,https://place.map.kakao.com/1466478413,5,6,//t1.kakaocdn.net/fiy_reboot/place/FE02D8B79F2849FEB748F4ADF7DA63CE,25
511,족발3시30분 화랑대역점,서울특별시 노원구 공릉동 90-4 우토파크프라자,https://place.map.kakao.com/1824613032,5,2,//t1.daumcdn.net/place/79EEAE8927C8467996502D7F1C7CFB96,25
512,왕빈자전통주막 화랑대역직영점,서울특별시 노원구 공릉동 90-4 우토파크프라자 ,https://place.map.kakao.com/412071553,0,0,//t1.daumcdn.net/place/870F97295B78406A9336755092B67802,25
513,버거킹 화랑대역점,서울특별시 노원구 공릉동 90-4 우토파크프라자 ,https://place.map.kakao.com/335629825,3.3,6,//t1.daumcdn.net/place/224A90B113C14295A5B6C18C95B01FFB,25
514,굽네치킨 공릉2동점,서울특별시 노원구 공릉동 106번지 효성화운트빌 상가동 101102호,https://place.map.kakao.com/12591803,4,5,//t1.daumcdn.net/place/9BFF3443E3394FABA5FFDB05B417BA23,19
515,귀빈반점,서울특별시 노원구 공릉동 110-0번지 공릉2지구6단지상가203호 ,https://place.map.kakao.com/10220845,2.3,12,//t1.daumcdn.net/place/47D73CACE1C64285A83098AF6AE109DB,22
516,소라분식 태릉본점,서울특별시 노원구 공릉동 110번지 공릉아파트 104호,https://place.map.kakao.com/401975918,2.4,9,,22
517,딜리셔스 공릉점,서울특별시 노원구 공릉동 110 6단지 상가 B-1 ,https://place.map.kakao.com/1569395463,0,0,,22
518,깡통집,서울특별시 노원구 공릉동 111-0번지 화랑타운상가104호 ,https://place.map.kakao.com/16377100,4.3,3,//t1.daumcdn.net/place/D1368CB4C4674EA3894560B9ABF9710F,25
519,에브리,서울특별시 노원구 공릉동 742 효성아파트 ,https://place.map.kakao.com/1998925097,0,0,//t1.daumcdn.net/place/0F7D9D180C49486389ABB4FAF113BE4A,28
520,진식탁,서울특별시 노원구 공릉동 742번지 신내효성아파트 상가동 104호,https://place.map.kakao.com/1608075439,0,0,,30
521,김가네 서울여대점,서울특별시 노원구 공릉동 113 밀레니엄타워 ,https://place.map.kakao.com/21237240,5,2,,23
522,몽둥이부리또 서울여대점,서울특별시 노원구 공릉동 113번지 밀레니엄타워 ,https://place.map.kakao.com/52465603,4.5,6,//t1.daumcdn.net/localfiy/313E8394EA1443A2ACF3AB7E8B14B4A5,23
523,애플민트,서울특별시 노원구 공릉동 113번지 밀레니엄타워 102호 ,https://place.map.kakao.com/13299291,5,2,//t1.daumcdn.net/place/A13086820B6A4856B7094BE0EC79063F,23
524,타이인플레이트,서울특별시 노원구 공릉동 113번지 밀레니엄타워 110호,https://place.map.kakao.com/1148556862,3.4,5,//t1.daumcdn.net/place/1FAE618B24DB499A82CA3DEA681D92C9,23
525,금강산감자탕,서울특별시 노원구 공릉동 113번지 밀레니엄타워 204호,https://place.map.kakao.com/358080210,0,0,,59
526,고씨네 서울여대점,서울특별시 노원구 공릉동 107-138번지 203호,https://place.map.kakao.com/2093975828,3.4,8,//t1.daumcdn.net/place/F430C4EF06F04B11B60258C6A2B51FEB,24
527,돌깨마을맷돌순두부,서울특별시 노원구 공릉동 120-3,https://place.map.kakao.com/1827592100,3.6,5,,24
528,반층야,서울특별시 노원구 공릉동 120-4번지 공릉동 진성빌딩 ,https://place.map.kakao.com/272700336,3.2,6,//t1.daumcdn.net/place/B40910E5F3644DE6AE05A9F3D214A520,25
529,홀리몰리베이글리,서울특별시 노원구 공릉동 107-223 ,https://place.map.kakao.com/981372161,4.6,9,//t1.daumcdn.net/place/09615A92079E40A2898895212A2B0F7A,26
530,오니기리와이규동 서울여대점,서울특별시 노원구 공릉동 126 서울여자대학교 106호,https://place.map.kakao.com/1125211838,0,0,,28
531,감탄떡볶이 서울여대점,서울특별시 노원구 공릉동 126번지 서울여자대학교 ,https://place.map.kakao.com/21876354,0,0,,32
532,에땅,서울특별시 노원구 공릉동 126번지 ,https://place.map.kakao.com/16958992,0,0,,31
533,퀴즈노스서브 서울여대점,서울특별시 노원구 공릉동 126번지 ,https://place.map.kakao.com/26308925,0,0,,29
534,오스테리아 잭팟,서울특별시 노원구 공릉동 27-19번지 ,https://place.map.kakao.com/110604231,3.5,10,//t1.kakaocdn.net/fiy_reboot/place/08E1A3D087604A8E943B86F4AB34FF49,34
535,테르미니,서울특별시 노원구 공릉동 27-20번지 ,https://place.map.kakao.com/26025273,3.1,16,//t1.daumcdn.net/place/A5291D36E79C4CC78567424BB624D60E,33
536,겨울동화,서울특별시 노원구 공릉동 산 223-19번지 (화랑로 727) ,https://place.map.kakao.com/1472799192,0,0,,13
537,이태리철판 서울과학기술대학교점,서울특별시 노원구 공릉로 225 나동 1층 2호,https://place.map.kakao.com/1953703405,0,0,,11
